

Microchip MPLAB XC8 Assembler V3.10 build 20250813170317 
                                                                                               Fri May  8 14:30:53 2026

Microchip MPLAB XC8 C Compiler v3.10 (Free license) build 20250813170317 Og1 
     1                           	processor	18F2221
     2                           	fnconf	rparam,??,?,0
     3                           	pagewidth 120
     4                           	opt	flic
     5                           	psect	idataCOMRAM,global,class=CODE,space=0,delta=1,noexec
     6                           	psect	nvCOMRAM,global,class=COMRAM,space=1,delta=1,lowdata,noexec
     7                           	psect	cinit,global,reloc=2,class=CODE,space=0,delta=1
     8                           	psect	bssCOMRAM,global,class=COMRAM,space=1,delta=1,lowdata,noexec
     9                           	psect	dataCOMRAM,global,class=COMRAM,space=1,delta=1,lowdata,noexec
    10                           	psect	cstackCOMRAM,global,class=COMRAM,space=1,delta=1,lowdata,noexec
    11                           	psect	text0,global,reloc=2,class=CODE,space=0,delta=1
    12                           	psect	text1,global,reloc=2,class=CODE,space=0,delta=1
    13                           	psect	text2,global,reloc=2,class=CODE,space=0,delta=1
    14                           	psect	text3,global,reloc=2,class=CODE,space=0,delta=1
    15                           	psect	text4,global,reloc=2,class=CODE,space=0,delta=1
    16                           	psect	text5,global,reloc=2,class=CODE,space=0,delta=1
    17                           	psect	text6,global,reloc=2,class=CODE,space=0,delta=1
    18                           	psect	text7,global,reloc=2,class=CODE,space=0,delta=1
    19                           	psect	text8,global,reloc=2,class=CODE,space=0,delta=1
    20                           	psect	text9,global,reloc=2,class=CODE,space=0,delta=1
    21                           	psect	text10,global,reloc=2,class=CODE,space=0,delta=1
    22                           	psect	text11,global,reloc=2,class=CODE,space=0,delta=1
    23                           	psect	text12,global,reloc=2,class=CODE,space=0,delta=1,group=1
    24                           	psect	text13,global,reloc=2,class=CODE,space=0,delta=1
    25                           	psect	text14,global,reloc=2,class=CODE,space=0,delta=1
    26                           	psect	text15,global,reloc=2,class=CODE,space=0,delta=1
    27                           	psect	text16,global,reloc=2,class=CODE,space=0,delta=1
    28                           	psect	text17,global,reloc=2,class=CODE,space=0,delta=1
    29                           	psect	text18,global,reloc=2,class=CODE,space=0,delta=1
    30                           	psect	text19,global,reloc=2,class=CODE,space=0,delta=1
    31                           	psect	text20,global,reloc=2,class=CODE,space=0,delta=1
    32                           	psect	text21,global,reloc=2,class=CODE,space=0,delta=1
    33                           	psect	text22,global,reloc=2,class=CODE,space=0,delta=1
    34                           	psect	text23,global,reloc=2,class=CODE,space=0,delta=1
    35                           	psect	text24,global,reloc=2,class=CODE,space=0,delta=1
    36                           	psect	text25,global,reloc=2,class=CODE,space=0,delta=1
    37                           	psect	text26,global,reloc=2,class=CODE,space=0,delta=1
    38                           	psect	text27,global,reloc=2,class=CODE,space=0,delta=1
    39                           	psect	text28,global,reloc=2,class=CODE,space=0,delta=1
    40                           	psect	smallconst,global,reloc=2,class=SMALLCONST,space=0,delta=1,noexec
    41                           	psect	intsave_regs,global,class=BIGRAM,space=1,delta=1,noexec
    42                           	psect	rparam,global,class=COMRAM,space=1,delta=1,noexec
    43                           	psect	config,global,abs,ovrld,class=CONFIG,space=4,delta=1,noexec
    44   000000                     
    45                           ; Generated 17/10/2023 GMT
    46                           ; 
    47                           ; Copyright © 2023, Microchip Technology Inc. and its subsidiaries ("Microchip")
    48                           ; All rights reserved.
    49                           ; 
    50                           ; This software is developed by Microchip Technology Inc. and its subsidiaries ("Microch
      +                          ip").
    51                           ; 
    52                           ; Redistribution and use in source and binary forms, with or without modification, are
    53                           ; permitted provided that the following conditions are met:
    54                           ; 
    55                           ;     1. Redistributions of source code must retain the above copyright notice, this lis
      +                          t of
    56                           ;        conditions and the following disclaimer.
    57                           ; 
    58                           ;     2. Redistributions in binary form must reproduce the above copyright notice, this 
      +                          list
    59                           ;        of conditions and the following disclaimer in the documentation and/or other
    60                           ;        materials provided with the distribution. Publication is not required when
    61                           ;        this file is used in an embedded application.
    62                           ; 
    63                           ;     3. Microchip's name may not be used to endorse or promote products derived from th
      +                          is
    64                           ;        software without specific prior written permission.
    65                           ; 
    66                           ; THIS SOFTWARE IS PROVIDED BY MICROCHIP "AS IS" AND ANY EXPRESS OR IMPLIED WARRANTIES,
    67                           ; INCLUDING, BUT NOT LIMITED TO, THE IMPLIED WARRANTIES OF MERCHANTABILITY AND FITNESS F
      +                          OR
    68                           ; PURPOSE ARE DISCLAIMED.  IN NO EVENT SHALL MICROCHIP BE LIABLE FOR ANY DIRECT, INDIREC
      +                          T,
    69                           ; INCIDENTAL, SPECIAL, EXEMPLARY, OR CONSEQUENTIAL DAMAGES (INCLUDING BUT NOT LIMITED TO
    70                           ; PROCUREMENT OF SUBSTITUTE GOODS OR SERVICES; LOSS OF USE, DATA OR PROFITS; OR BUSINESS
    71                           ; INTERRUPTION) HOWSOEVER CAUSED AND ON ANY THEORY OF LIABILITY, WHETHER IN CONTRACT, ST
      +                          RICT
    72                           ; LIABILITY, OR TORT (INCLUDING NEGLIGENCE OR OTHERWISE) ARISING IN ANY WAY OUT OF THE U
      +                          SE OF
    73                           ; THIS SOFTWARE, EVEN IF ADVISED OF THE POSSIBILITY OF SUCH DAMAGE.
    74                           ; 
    75                           ; 
    76                           ; Code-generator required, PIC18F2221 Definitions
    77                           ; 
    78                           ; SFR Addresses
    79   000FE0                     bsr             equ	4064
    80   000FE9                     fsr0            equ	4073
    81   000FEA                     fsr0h           equ	4074
    82   000FE9                     fsr0l           equ	4073
    83   000FE1                     fsr1            equ	4065
    84   000FE2                     fsr1h           equ	4066
    85   000FE1                     fsr1l           equ	4065
    86   000FD9                     fsr2            equ	4057
    87   000FDA                     fsr2h           equ	4058
    88   000FD9                     fsr2l           equ	4057
    89   000FEF                     indf0           equ	4079
    90   000FE7                     indf1           equ	4071
    91   000FDF                     indf2           equ	4063
    92   000FF2                     intcon          equ	4082
    93   000000                     nvmcon          equ	0
    94   000FF9                     pcl             equ	4089
    95   000FFA                     pclath          equ	4090
    96   000FFB                     pclatu          equ	4091
    97   000FEB                     plusw0          equ	4075
    98   000FE3                     plusw1          equ	4067
    99   000FDB                     plusw2          equ	4059
   100   000FED                     postdec0        equ	4077
   101   000FE5                     postdec1        equ	4069
   102   000FDD                     postdec2        equ	4061
   103   000FEE                     postinc0        equ	4078
   104   000FE6                     postinc1        equ	4070
   105   000FDE                     postinc2        equ	4062
   106   000FEC                     preinc0         equ	4076
   107   000FE4                     preinc1         equ	4068
   108   000FDC                     preinc2         equ	4060
   109   000FF3                     prod            equ	4083
   110   000FF4                     prodh           equ	4084
   111   000FF3                     prodl           equ	4083
   112   000FD8                     status          equ	4056
   113   000FF5                     tablat          equ	4085
   114   000FF6                     tblptr          equ	4086
   115   000FF7                     tblptrh         equ	4087
   116   000FF6                     tblptrl         equ	4086
   117   000FF8                     tblptru         equ	4088
   118   000FFD                     tosl            equ	4093
   119   000FE8                     wreg            equ	4072
   120   000F80                     PORTA           equ	3968	;# 
   121   000F81                     PORTB           equ	3969	;# 
   122   000F82                     PORTC           equ	3970	;# 
   123   000F84                     PORTE           equ	3972	;# 
   124   000F89                     LATA            equ	3977	;# 
   125   000F8A                     LATB            equ	3978	;# 
   126   000F8B                     LATC            equ	3979	;# 
   127   000F92                     TRISA           equ	3986	;# 
   128   000F92                     DDRA            equ	3986	;# 
   129   000F93                     TRISB           equ	3987	;# 
   130   000F93                     DDRB            equ	3987	;# 
   131   000F94                     TRISC           equ	3988	;# 
   132   000F94                     DDRC            equ	3988	;# 
   133   000F9B                     OSCTUNE         equ	3995	;# 
   134   000F9D                     PIE1            equ	3997	;# 
   135   000F9E                     PIR1            equ	3998	;# 
   136   000F9F                     IPR1            equ	3999	;# 
   137   000FA0                     PIE2            equ	4000	;# 
   138   000FA1                     PIR2            equ	4001	;# 
   139   000FA2                     IPR2            equ	4002	;# 
   140   000FA6                     EECON1          equ	4006	;# 
   141   000FA7                     EECON2          equ	4007	;# 
   142   000FA8                     EEDATA          equ	4008	;# 
   143   000FA9                     EEADR           equ	4009	;# 
   144   000FAB                     RCSTA           equ	4011	;# 
   145   000FAB                     RCSTA1          equ	4011	;# 
   146   000FAC                     TXSTA           equ	4012	;# 
   147   000FAC                     TXSTA1          equ	4012	;# 
   148   000FAD                     TXREG           equ	4013	;# 
   149   000FAD                     TXREG1          equ	4013	;# 
   150   000FAE                     RCREG           equ	4014	;# 
   151   000FAE                     RCREG1          equ	4014	;# 
   152   000FAF                     SPBRG           equ	4015	;# 
   153   000FAF                     SPBRG1          equ	4015	;# 
   154   000FB0                     SPBRGH          equ	4016	;# 
   155   000FB1                     T3CON           equ	4017	;# 
   156   000FB2                     TMR3            equ	4018	;# 
   157   000FB2                     TMR3L           equ	4018	;# 
   158   000FB3                     TMR3H           equ	4019	;# 
   159   000FB4                     CMCON           equ	4020	;# 
   160   000FB5                     CVRCON          equ	4021	;# 
   161   000FB6                     ECCP1AS         equ	4022	;# 
   162   000FB7                     ECCP1DEL        equ	4023	;# 
   163   000FB7                     PWM1CON         equ	4023	;# 
   164   000FB8                     BAUDCON         equ	4024	;# 
   165   000FB8                     BAUDCTL         equ	4024	;# 
   166   000FBA                     CCP2CON         equ	4026	;# 
   167   000FBB                     CCPR2           equ	4027	;# 
   168   000FBB                     CCPR2L          equ	4027	;# 
   169   000FBC                     CCPR2H          equ	4028	;# 
   170   000FBD                     CCP1CON         equ	4029	;# 
   171   000FBD                     ECCP1CON        equ	4029	;# 
   172   000FBE                     CCPR1           equ	4030	;# 
   173   000FBE                     CCPR1L          equ	4030	;# 
   174   000FBF                     CCPR1H          equ	4031	;# 
   175   000FC0                     ADCON2          equ	4032	;# 
   176   000FC1                     ADCON1          equ	4033	;# 
   177   000FC2                     ADCON0          equ	4034	;# 
   178   000FC3                     ADRES           equ	4035	;# 
   179   000FC3                     ADRESL          equ	4035	;# 
   180   000FC4                     ADRESH          equ	4036	;# 
   181   000FC5                     SSPCON2         equ	4037	;# 
   182   000FC6                     SSPCON1         equ	4038	;# 
   183   000FC7                     SSPSTAT         equ	4039	;# 
   184   000FC8                     SSPADD          equ	4040	;# 
   185   000FC9                     SSPBUF          equ	4041	;# 
   186   000FCA                     T2CON           equ	4042	;# 
   187   000FCB                     PR2             equ	4043	;# 
   188   000FCB                     MEMCON          equ	4043	;# 
   189   000FCC                     TMR2            equ	4044	;# 
   190   000FCD                     T1CON           equ	4045	;# 
   191   000FCE                     TMR1            equ	4046	;# 
   192   000FCE                     TMR1L           equ	4046	;# 
   193   000FCF                     TMR1H           equ	4047	;# 
   194   000FD0                     RCON            equ	4048	;# 
   195   000FD1                     WDTCON          equ	4049	;# 
   196   000FD2                     HLVDCON         equ	4050	;# 
   197   000FD2                     LVDCON          equ	4050	;# 
   198   000FD3                     OSCCON          equ	4051	;# 
   199   000FD5                     T0CON           equ	4053	;# 
   200   000FD6                     TMR0            equ	4054	;# 
   201   000FD6                     TMR0L           equ	4054	;# 
   202   000FD7                     TMR0H           equ	4055	;# 
   203   000FD8                     STATUS          equ	4056	;# 
   204   000FD9                     FSR2            equ	4057	;# 
   205   000FD9                     FSR2L           equ	4057	;# 
   206   000FDA                     FSR2H           equ	4058	;# 
   207   000FDB                     PLUSW2          equ	4059	;# 
   208   000FDC                     PREINC2         equ	4060	;# 
   209   000FDD                     POSTDEC2        equ	4061	;# 
   210   000FDE                     POSTINC2        equ	4062	;# 
   211   000FDF                     INDF2           equ	4063	;# 
   212   000FE0                     BSR             equ	4064	;# 
   213   000FE1                     FSR1            equ	4065	;# 
   214   000FE1                     FSR1L           equ	4065	;# 
   215   000FE2                     FSR1H           equ	4066	;# 
   216   000FE3                     PLUSW1          equ	4067	;# 
   217   000FE4                     PREINC1         equ	4068	;# 
   218   000FE5                     POSTDEC1        equ	4069	;# 
   219   000FE6                     POSTINC1        equ	4070	;# 
   220   000FE7                     INDF1           equ	4071	;# 
   221   000FE8                     WREG            equ	4072	;# 
   222   000FE9                     FSR0            equ	4073	;# 
   223   000FE9                     FSR0L           equ	4073	;# 
   224   000FEA                     FSR0H           equ	4074	;# 
   225   000FEB                     PLUSW0          equ	4075	;# 
   226   000FEC                     PREINC0         equ	4076	;# 
   227   000FED                     POSTDEC0        equ	4077	;# 
   228   000FEE                     POSTINC0        equ	4078	;# 
   229   000FEF                     INDF0           equ	4079	;# 
   230   000FF0                     INTCON3         equ	4080	;# 
   231   000FF1                     INTCON2         equ	4081	;# 
   232   000FF2                     INTCON          equ	4082	;# 
   233   000FF3                     PROD            equ	4083	;# 
   234   000FF3                     PRODL           equ	4083	;# 
   235   000FF4                     PRODH           equ	4084	;# 
   236   000FF5                     TABLAT          equ	4085	;# 
   237   000FF6                     TBLPTR          equ	4086	;# 
   238   000FF6                     TBLPTRL         equ	4086	;# 
   239   000FF7                     TBLPTRH         equ	4087	;# 
   240   000FF8                     TBLPTRU         equ	4088	;# 
   241   000FF9                     PCLAT           equ	4089	;# 
   242   000FF9                     PC              equ	4089	;# 
   243   000FF9                     PCL             equ	4089	;# 
   244   000FFA                     PCLATH          equ	4090	;# 
   245   000FFB                     PCLATU          equ	4091	;# 
   246   000FFC                     STKPTR          equ	4092	;# 
   247   000FFD                     TOS             equ	4093	;# 
   248   000FFD                     TOSL            equ	4093	;# 
   249   000FFE                     TOSH            equ	4094	;# 
   250   000FFF                     TOSU            equ	4095	;# 
   251   000F80                     PORTA           equ	3968	;# 
   252   000F81                     PORTB           equ	3969	;# 
   253   000F82                     PORTC           equ	3970	;# 
   254   000F84                     PORTE           equ	3972	;# 
   255   000F89                     LATA            equ	3977	;# 
   256   000F8A                     LATB            equ	3978	;# 
   257   000F8B                     LATC            equ	3979	;# 
   258   000F92                     TRISA           equ	3986	;# 
   259   000F92                     DDRA            equ	3986	;# 
   260   000F93                     TRISB           equ	3987	;# 
   261   000F93                     DDRB            equ	3987	;# 
   262   000F94                     TRISC           equ	3988	;# 
   263   000F94                     DDRC            equ	3988	;# 
   264   000F9B                     OSCTUNE         equ	3995	;# 
   265   000F9D                     PIE1            equ	3997	;# 
   266   000F9E                     PIR1            equ	3998	;# 
   267   000F9F                     IPR1            equ	3999	;# 
   268   000FA0                     PIE2            equ	4000	;# 
   269   000FA1                     PIR2            equ	4001	;# 
   270   000FA2                     IPR2            equ	4002	;# 
   271   000FA6                     EECON1          equ	4006	;# 
   272   000FA7                     EECON2          equ	4007	;# 
   273   000FA8                     EEDATA          equ	4008	;# 
   274   000FA9                     EEADR           equ	4009	;# 
   275   000FAB                     RCSTA           equ	4011	;# 
   276   000FAB                     RCSTA1          equ	4011	;# 
   277   000FAC                     TXSTA           equ	4012	;# 
   278   000FAC                     TXSTA1          equ	4012	;# 
   279   000FAD                     TXREG           equ	4013	;# 
   280   000FAD                     TXREG1          equ	4013	;# 
   281   000FAE                     RCREG           equ	4014	;# 
   282   000FAE                     RCREG1          equ	4014	;# 
   283   000FAF                     SPBRG           equ	4015	;# 
   284   000FAF                     SPBRG1          equ	4015	;# 
   285   000FB0                     SPBRGH          equ	4016	;# 
   286   000FB1                     T3CON           equ	4017	;# 
   287   000FB2                     TMR3            equ	4018	;# 
   288   000FB2                     TMR3L           equ	4018	;# 
   289   000FB3                     TMR3H           equ	4019	;# 
   290   000FB4                     CMCON           equ	4020	;# 
   291   000FB5                     CVRCON          equ	4021	;# 
   292   000FB6                     ECCP1AS         equ	4022	;# 
   293   000FB7                     ECCP1DEL        equ	4023	;# 
   294   000FB7                     PWM1CON         equ	4023	;# 
   295   000FB8                     BAUDCON         equ	4024	;# 
   296   000FB8                     BAUDCTL         equ	4024	;# 
   297   000FBA                     CCP2CON         equ	4026	;# 
   298   000FBB                     CCPR2           equ	4027	;# 
   299   000FBB                     CCPR2L          equ	4027	;# 
   300   000FBC                     CCPR2H          equ	4028	;# 
   301   000FBD                     CCP1CON         equ	4029	;# 
   302   000FBD                     ECCP1CON        equ	4029	;# 
   303   000FBE                     CCPR1           equ	4030	;# 
   304   000FBE                     CCPR1L          equ	4030	;# 
   305   000FBF                     CCPR1H          equ	4031	;# 
   306   000FC0                     ADCON2          equ	4032	;# 
   307   000FC1                     ADCON1          equ	4033	;# 
   308   000FC2                     ADCON0          equ	4034	;# 
   309   000FC3                     ADRES           equ	4035	;# 
   310   000FC3                     ADRESL          equ	4035	;# 
   311   000FC4                     ADRESH          equ	4036	;# 
   312   000FC5                     SSPCON2         equ	4037	;# 
   313   000FC6                     SSPCON1         equ	4038	;# 
   314   000FC7                     SSPSTAT         equ	4039	;# 
   315   000FC8                     SSPADD          equ	4040	;# 
   316   000FC9                     SSPBUF          equ	4041	;# 
   317   000FCA                     T2CON           equ	4042	;# 
   318   000FCB                     PR2             equ	4043	;# 
   319   000FCB                     MEMCON          equ	4043	;# 
   320   000FCC                     TMR2            equ	4044	;# 
   321   000FCD                     T1CON           equ	4045	;# 
   322   000FCE                     TMR1            equ	4046	;# 
   323   000FCE                     TMR1L           equ	4046	;# 
   324   000FCF                     TMR1H           equ	4047	;# 
   325   000FD0                     RCON            equ	4048	;# 
   326   000FD1                     WDTCON          equ	4049	;# 
   327   000FD2                     HLVDCON         equ	4050	;# 
   328   000FD2                     LVDCON          equ	4050	;# 
   329   000FD3                     OSCCON          equ	4051	;# 
   330   000FD5                     T0CON           equ	4053	;# 
   331   000FD6                     TMR0            equ	4054	;# 
   332   000FD6                     TMR0L           equ	4054	;# 
   333   000FD7                     TMR0H           equ	4055	;# 
   334   000FD8                     STATUS          equ	4056	;# 
   335   000FD9                     FSR2            equ	4057	;# 
   336   000FD9                     FSR2L           equ	4057	;# 
   337   000FDA                     FSR2H           equ	4058	;# 
   338   000FDB                     PLUSW2          equ	4059	;# 
   339   000FDC                     PREINC2         equ	4060	;# 
   340   000FDD                     POSTDEC2        equ	4061	;# 
   341   000FDE                     POSTINC2        equ	4062	;# 
   342   000FDF                     INDF2           equ	4063	;# 
   343   000FE0                     BSR             equ	4064	;# 
   344   000FE1                     FSR1            equ	4065	;# 
   345   000FE1                     FSR1L           equ	4065	;# 
   346   000FE2                     FSR1H           equ	4066	;# 
   347   000FE3                     PLUSW1          equ	4067	;# 
   348   000FE4                     PREINC1         equ	4068	;# 
   349   000FE5                     POSTDEC1        equ	4069	;# 
   350   000FE6                     POSTINC1        equ	4070	;# 
   351   000FE7                     INDF1           equ	4071	;# 
   352   000FE8                     WREG            equ	4072	;# 
   353   000FE9                     FSR0            equ	4073	;# 
   354   000FE9                     FSR0L           equ	4073	;# 
   355   000FEA                     FSR0H           equ	4074	;# 
   356   000FEB                     PLUSW0          equ	4075	;# 
   357   000FEC                     PREINC0         equ	4076	;# 
   358   000FED                     POSTDEC0        equ	4077	;# 
   359   000FEE                     POSTINC0        equ	4078	;# 
   360   000FEF                     INDF0           equ	4079	;# 
   361   000FF0                     INTCON3         equ	4080	;# 
   362   000FF1                     INTCON2         equ	4081	;# 
   363   000FF2                     INTCON          equ	4082	;# 
   364   000FF3                     PROD            equ	4083	;# 
   365   000FF3                     PRODL           equ	4083	;# 
   366   000FF4                     PRODH           equ	4084	;# 
   367   000FF5                     TABLAT          equ	4085	;# 
   368   000FF6                     TBLPTR          equ	4086	;# 
   369   000FF6                     TBLPTRL         equ	4086	;# 
   370   000FF7                     TBLPTRH         equ	4087	;# 
   371   000FF8                     TBLPTRU         equ	4088	;# 
   372   000FF9                     PCLAT           equ	4089	;# 
   373   000FF9                     PC              equ	4089	;# 
   374   000FF9                     PCL             equ	4089	;# 
   375   000FFA                     PCLATH          equ	4090	;# 
   376   000FFB                     PCLATU          equ	4091	;# 
   377   000FFC                     STKPTR          equ	4092	;# 
   378   000FFD                     TOS             equ	4093	;# 
   379   000FFD                     TOSL            equ	4093	;# 
   380   000FFE                     TOSH            equ	4094	;# 
   381   000FFF                     TOSU            equ	4095	;# 
   382   000F80                     PORTA           equ	3968	;# 
   383   000F81                     PORTB           equ	3969	;# 
   384   000F82                     PORTC           equ	3970	;# 
   385   000F84                     PORTE           equ	3972	;# 
   386   000F89                     LATA            equ	3977	;# 
   387   000F8A                     LATB            equ	3978	;# 
   388   000F8B                     LATC            equ	3979	;# 
   389   000F92                     TRISA           equ	3986	;# 
   390   000F92                     DDRA            equ	3986	;# 
   391   000F93                     TRISB           equ	3987	;# 
   392   000F93                     DDRB            equ	3987	;# 
   393   000F94                     TRISC           equ	3988	;# 
   394   000F94                     DDRC            equ	3988	;# 
   395   000F9B                     OSCTUNE         equ	3995	;# 
   396   000F9D                     PIE1            equ	3997	;# 
   397   000F9E                     PIR1            equ	3998	;# 
   398   000F9F                     IPR1            equ	3999	;# 
   399   000FA0                     PIE2            equ	4000	;# 
   400   000FA1                     PIR2            equ	4001	;# 
   401   000FA2                     IPR2            equ	4002	;# 
   402   000FA6                     EECON1          equ	4006	;# 
   403   000FA7                     EECON2          equ	4007	;# 
   404   000FA8                     EEDATA          equ	4008	;# 
   405   000FA9                     EEADR           equ	4009	;# 
   406   000FAB                     RCSTA           equ	4011	;# 
   407   000FAB                     RCSTA1          equ	4011	;# 
   408   000FAC                     TXSTA           equ	4012	;# 
   409   000FAC                     TXSTA1          equ	4012	;# 
   410   000FAD                     TXREG           equ	4013	;# 
   411   000FAD                     TXREG1          equ	4013	;# 
   412   000FAE                     RCREG           equ	4014	;# 
   413   000FAE                     RCREG1          equ	4014	;# 
   414   000FAF                     SPBRG           equ	4015	;# 
   415   000FAF                     SPBRG1          equ	4015	;# 
   416   000FB0                     SPBRGH          equ	4016	;# 
   417   000FB1                     T3CON           equ	4017	;# 
   418   000FB2                     TMR3            equ	4018	;# 
   419   000FB2                     TMR3L           equ	4018	;# 
   420   000FB3                     TMR3H           equ	4019	;# 
   421   000FB4                     CMCON           equ	4020	;# 
   422   000FB5                     CVRCON          equ	4021	;# 
   423   000FB6                     ECCP1AS         equ	4022	;# 
   424   000FB7                     ECCP1DEL        equ	4023	;# 
   425   000FB7                     PWM1CON         equ	4023	;# 
   426   000FB8                     BAUDCON         equ	4024	;# 
   427   000FB8                     BAUDCTL         equ	4024	;# 
   428   000FBA                     CCP2CON         equ	4026	;# 
   429   000FBB                     CCPR2           equ	4027	;# 
   430   000FBB                     CCPR2L          equ	4027	;# 
   431   000FBC                     CCPR2H          equ	4028	;# 
   432   000FBD                     CCP1CON         equ	4029	;# 
   433   000FBD                     ECCP1CON        equ	4029	;# 
   434   000FBE                     CCPR1           equ	4030	;# 
   435   000FBE                     CCPR1L          equ	4030	;# 
   436   000FBF                     CCPR1H          equ	4031	;# 
   437   000FC0                     ADCON2          equ	4032	;# 
   438   000FC1                     ADCON1          equ	4033	;# 
   439   000FC2                     ADCON0          equ	4034	;# 
   440   000FC3                     ADRES           equ	4035	;# 
   441   000FC3                     ADRESL          equ	4035	;# 
   442   000FC4                     ADRESH          equ	4036	;# 
   443   000FC5                     SSPCON2         equ	4037	;# 
   444   000FC6                     SSPCON1         equ	4038	;# 
   445   000FC7                     SSPSTAT         equ	4039	;# 
   446   000FC8                     SSPADD          equ	4040	;# 
   447   000FC9                     SSPBUF          equ	4041	;# 
   448   000FCA                     T2CON           equ	4042	;# 
   449   000FCB                     PR2             equ	4043	;# 
   450   000FCB                     MEMCON          equ	4043	;# 
   451   000FCC                     TMR2            equ	4044	;# 
   452   000FCD                     T1CON           equ	4045	;# 
   453   000FCE                     TMR1            equ	4046	;# 
   454   000FCE                     TMR1L           equ	4046	;# 
   455   000FCF                     TMR1H           equ	4047	;# 
   456   000FD0                     RCON            equ	4048	;# 
   457   000FD1                     WDTCON          equ	4049	;# 
   458   000FD2                     HLVDCON         equ	4050	;# 
   459   000FD2                     LVDCON          equ	4050	;# 
   460   000FD3                     OSCCON          equ	4051	;# 
   461   000FD5                     T0CON           equ	4053	;# 
   462   000FD6                     TMR0            equ	4054	;# 
   463   000FD6                     TMR0L           equ	4054	;# 
   464   000FD7                     TMR0H           equ	4055	;# 
   465   000FD8                     STATUS          equ	4056	;# 
   466   000FD9                     FSR2            equ	4057	;# 
   467   000FD9                     FSR2L           equ	4057	;# 
   468   000FDA                     FSR2H           equ	4058	;# 
   469   000FDB                     PLUSW2          equ	4059	;# 
   470   000FDC                     PREINC2         equ	4060	;# 
   471   000FDD                     POSTDEC2        equ	4061	;# 
   472   000FDE                     POSTINC2        equ	4062	;# 
   473   000FDF                     INDF2           equ	4063	;# 
   474   000FE0                     BSR             equ	4064	;# 
   475   000FE1                     FSR1            equ	4065	;# 
   476   000FE1                     FSR1L           equ	4065	;# 
   477   000FE2                     FSR1H           equ	4066	;# 
   478   000FE3                     PLUSW1          equ	4067	;# 
   479   000FE4                     PREINC1         equ	4068	;# 
   480   000FE5                     POSTDEC1        equ	4069	;# 
   481   000FE6                     POSTINC1        equ	4070	;# 
   482   000FE7                     INDF1           equ	4071	;# 
   483   000FE8                     WREG            equ	4072	;# 
   484   000FE9                     FSR0            equ	4073	;# 
   485   000FE9                     FSR0L           equ	4073	;# 
   486   000FEA                     FSR0H           equ	4074	;# 
   487   000FEB                     PLUSW0          equ	4075	;# 
   488   000FEC                     PREINC0         equ	4076	;# 
   489   000FED                     POSTDEC0        equ	4077	;# 
   490   000FEE                     POSTINC0        equ	4078	;# 
   491   000FEF                     INDF0           equ	4079	;# 
   492   000FF0                     INTCON3         equ	4080	;# 
   493   000FF1                     INTCON2         equ	4081	;# 
   494   000FF2                     INTCON          equ	4082	;# 
   495   000FF3                     PROD            equ	4083	;# 
   496   000FF3                     PRODL           equ	4083	;# 
   497   000FF4                     PRODH           equ	4084	;# 
   498   000FF5                     TABLAT          equ	4085	;# 
   499   000FF6                     TBLPTR          equ	4086	;# 
   500   000FF6                     TBLPTRL         equ	4086	;# 
   501   000FF7                     TBLPTRH         equ	4087	;# 
   502   000FF8                     TBLPTRU         equ	4088	;# 
   503   000FF9                     PCLAT           equ	4089	;# 
   504   000FF9                     PC              equ	4089	;# 
   505   000FF9                     PCL             equ	4089	;# 
   506   000FFA                     PCLATH          equ	4090	;# 
   507   000FFB                     PCLATU          equ	4091	;# 
   508   000FFC                     STKPTR          equ	4092	;# 
   509   000FFD                     TOS             equ	4093	;# 
   510   000FFD                     TOSL            equ	4093	;# 
   511   000FFE                     TOSH            equ	4094	;# 
   512   000FFF                     TOSU            equ	4095	;# 
   513                           
   514                           	psect	idataCOMRAM
   515   000C16                     __pidataCOMRAM:
   516                           	callstack 0
   517                           
   518                           ;initializer for main@F2349
   519   000C16  0001               	dw	1
   520   000C18  0002               	dw	2
   521   000C1A  0003               	dw	3
   522   000C1C  0001               	dw	1
   523   000C1E  0002               	dw	2
   524   000C20  0004               	dw	4
   525                           
   526                           	psect	nvCOMRAM
   527   000041                     __pnvCOMRAM:
   528                           	callstack 0
   529   000041                     _CurrentSpeed:
   530                           	callstack 0
   531   000041                     	ds	2
   532   007E2C                     _ACKEN          set	32300
   533   007E2B                     _RCEN           set	32299
   534   007E2A                     _PEN            set	32298
   535   007E29                     _RSEN           set	32297
   536   007E28                     _SEN            set	32296
   537   000F93                     _TRISBbits      set	3987
   538   000F82                     _PORTCbits      set	3970
   539   000FC2                     _ADCON0bits     set	4034
   540   000FC3                     _ADRESL         set	4035
   541   000FC4                     _ADRESH         set	4036
   542   000FC2                     _ADCON0         set	4034
   543   000FC9                     _SSPBUF         set	4041
   544   000FC7                     _SSPSTAT        set	4039
   545   000FC8                     _SSPADD         set	4040
   546   000FC5                     _SSPCON2        set	4037
   547   000FC6                     _SSPCON1        set	4038
   548   000FBB                     _CCPR2L         set	4027
   549   000FBE                     _CCPR1L         set	4030
   550   000FBA                     _CCP2CON        set	4026
   551   000FBD                     _CCP1CON        set	4029
   552   000FCA                     _T2CON          set	4042
   553   000FCB                     _PR2            set	4043
   554   000F8A                     _LATBbits       set	3978
   555   000F89                     _LATAbits       set	3977
   556   000F8A                     _LATB           set	3978
   557   000F94                     _TRISC          set	3988
   558   000F93                     _TRISB          set	3987
   559   000F92                     _TRISA          set	3986
   560   000FC1                     _ADCON1         set	4033
   561                           
   562                           ; #config settings
   563                           
   564                           	psect	cinit
   565   000AE4                     __pcinit:
   566                           	callstack 0
   567   000AE4                     start_initialization:
   568                           	callstack 0
   569   000AE4                     __initialization:
   570                           	callstack 0
   571                           
   572                           ; Initialize objects allocated to COMRAM (12 bytes)
   573                           ; load TBLPTR registers with __pidataCOMRAM
   574   000AE4  0E16               	movlw	low __pidataCOMRAM
   575   000AE6  6EF6               	movwf	tblptrl,c
   576   000AE8  0E0C               	movlw	high __pidataCOMRAM
   577   000AEA  6EF7               	movwf	tblptrh,c
   578   000AEC  0E00               	movlw	low (__pidataCOMRAM shr (0+16))
   579   000AEE  6EF8               	movwf	tblptru,c
   580   000AF0  EE00  F035         	lfsr	0,__pdataCOMRAM
   581   000AF4  EE10 F00C          	lfsr	1,12
   582   000AF8                     copy_data0:
   583   000AF8  0009               	tblrd		*+
   584   000AFA  CFF5 FFEE          	movff	tablat,postinc0
   585   000AFE  50E5               	movf	postdec1,w,c
   586   000B00  50E1               	movf	fsr1l,w,c
   587   000B02  E1FA               	bnz	copy_data0
   588                           
   589                           ; Clear objects allocated to COMRAM (13 bytes)
   590   000B04  EE00  F028         	lfsr	0,__pbssCOMRAM
   591   000B08  0E0D               	movlw	13
   592   000B0A                     clear_0:
   593   000B0A  6AEE               	clrf	postinc0,c
   594   000B0C  06E8               	decf	wreg,f,c
   595   000B0E  E1FD               	bnz	clear_0
   596   000B10                     end_of_initialization:
   597                           	callstack 0
   598   000B10                     __end_of__initialization:
   599                           	callstack 0
   600   000B10  0E00               	movlw	low (__Lmediumconst shr (0+16))
   601   000B12  6EF8               	movwf	tblptru,c
   602   000B14  0100               	movlb	0
   603   000B16  EFB2  F001         	goto	_main	;jump to C main() function
   604                           
   605                           	psect	bssCOMRAM
   606   000028                     __pbssCOMRAM:
   607                           	callstack 0
   608   000028                     _events_position:
   609                           	callstack 0
   610   000028                     	ds	2
   611   00002A                     _disable_movement_system:
   612                           	callstack 0
   613   00002A                     	ds	2
   614   00002C                     _REncoderReading:
   615                           	callstack 0
   616   00002C                     	ds	2
   617   00002E                     _LEncoderReading:
   618                           	callstack 0
   619   00002E                     	ds	2
   620   000030                     _linesensor:
   621                           	callstack 0
   622   000030                     	ds	1
   623   000031                     _markspaceR:
   624                           	callstack 0
   625   000031                     	ds	2
   626   000033                     _markspaceL:
   627                           	callstack 0
   628   000033                     	ds	2
   629                           
   630                           	psect	dataCOMRAM
   631   000035                     __pdataCOMRAM:
   632                           	callstack 0
   633   000035                     main@F2349:
   634                           	callstack 0
   635   000035                     	ds	12
   636                           
   637                           	psect	cstackCOMRAM
   638   000001                     __pcstackCOMRAM:
   639                           	callstack 0
   640   000001                     ?_LookUpRobotLineOffset:
   641                           	callstack 0
   642   000001                     ?___awdiv:
   643                           	callstack 0
   644   000001                     ?_LeftDistanceSensor:
   645                           	callstack 0
   646   000001                     ?_RightDistanceSensor:
   647                           	callstack 0
   648   000001                     ?_ReadEncoderL:
   649                           	callstack 0
   650   000001                     WaitFor@TimeSeconds:
   651                           	callstack 0
   652   000001                     ___awdiv@dividend:
   653                           	callstack 0
   654   000001                     ??_MovementPWM:
   655   000001                     ??_I2C_checkbus_free:
   656   000001                     
   657                           ; 1 bytes @ 0x0
   658   000001                     	ds	1
   659   000002                     I2C_Write@write:
   660                           	callstack 0
   661   000002                     I2C_Read@temp:
   662                           	callstack 0
   663   000002                     
   664                           ; 1 bytes @ 0x1
   665   000002                     	ds	1
   666   000003                     LookUpRobotLineOffset@inverted:
   667                           	callstack 0
   668   000003                     goforward@RightSpeed:
   669                           	callstack 0
   670   000003                     ___awdiv@divisor:
   671                           	callstack 0
   672   000003                     ??_WaitFor:
   673   000003                     ??_LeftDistanceSensor:
   674   000003                     ??_RightDistanceSensor:
   675   000003                     ??_ReadEncoderL:
   676                           
   677                           ; 1 bytes @ 0x2
   678   000003                     	ds	1
   679   000004                     ?_FollowLine:
   680                           	callstack 0
   681   000004                     ReadEncoderL@pulse:
   682                           	callstack 0
   683                           
   684                           ; 2 bytes @ 0x3
   685   000004                     	ds	1
   686   000005                     ___awdiv@counter:
   687                           	callstack 0
   688   000005                     goforward@LeftSpeed:
   689                           	callstack 0
   690   000005                     LeftDistanceSensor@leftSensorValue:
   691                           	callstack 0
   692   000005                     RightDistanceSensor@rightSensorValue:
   693                           	callstack 0
   694   000005                     WaitFor@i:
   695                           	callstack 0
   696   000005                     
   697                           ; 1 bytes @ 0x4
   698   000005                     	ds	1
   699   000006                     ___awdiv@sign:
   700                           	callstack 0
   701   000006                     ??_FollowLine:
   702                           
   703                           ; 1 bytes @ 0x5
   704   000006                     	ds	1
   705   000007                     FlashLEDs@Flashes:
   706                           	callstack 0
   707   000007                     Move@Speed:
   708                           	callstack 0
   709   000007                     ___awdiv@quotient:
   710                           	callstack 0
   711   000007                     
   712                           ; 1 bytes @ 0x6
   713   000007                     	ds	1
   714   000008                     FollowLine@e:
   715                           	callstack 0
   716                           
   717                           ; 2 bytes @ 0x7
   718   000008                     	ds	1
   719   000009                     ?_SlowDown:
   720                           	callstack 0
   721   000009                     FlashLEDs@i:
   722                           	callstack 0
   723   000009                     SlowDown@leftSensorValue:
   724                           	callstack 0
   725   000009                     Move@Difference:
   726                           	callstack 0
   727   000009                     
   728                           ; 1 bytes @ 0x8
   729   000009                     	ds	1
   730   00000A                     FollowLine@theta:
   731                           	callstack 0
   732                           
   733                           ; 2 bytes @ 0x9
   734   00000A                     	ds	1
   735   00000B                     SlowDown@rightSensorValue:
   736                           	callstack 0
   737   00000B                     Move@LeftSpeed:
   738                           	callstack 0
   739   00000B                     
   740                           ; 1 bytes @ 0xA
   741   00000B                     	ds	2
   742   00000D                     SlowDown@Speed:
   743                           	callstack 0
   744   00000D                     Move@RightSpeed:
   745                           	callstack 0
   746                           
   747                           ; 2 bytes @ 0xC
   748   00000D                     	ds	2
   749   00000F                     Turn@Eighths:
   750                           	callstack 0
   751   00000F                     MoveFor@Pulses:
   752                           	callstack 0
   753   00000F                     ??_SlowDown:
   754                           
   755                           ; 1 bytes @ 0xE
   756   00000F                     	ds	1
   757   000010                     _SlowDown$1353:
   758                           	callstack 0
   759                           
   760                           ; 2 bytes @ 0xF
   761   000010                     	ds	1
   762   000011                     MoveFor@Speed:
   763                           	callstack 0
   764   000011                     ??_Turn:
   765                           
   766                           ; 1 bytes @ 0x10
   767   000011                     	ds	1
   768   000012                     MovementSystem@rightSensorValue:
   769                           	callstack 0
   770   000012                     
   771                           ; 1 bytes @ 0x11
   772   000012                     	ds	1
   773   000013                     Turn@TotalPulses:
   774                           	callstack 0
   775   000013                     MoveFor@Difference:
   776                           	callstack 0
   777                           
   778                           ; 2 bytes @ 0x12
   779   000013                     	ds	1
   780   000014                     MovementSystem@leftSensorValue:
   781                           	callstack 0
   782                           
   783                           ; 2 bytes @ 0x13
   784   000014                     	ds	1
   785   000015                     Turn@CurrentPulses:
   786                           	callstack 0
   787   000015                     MoveFor@CurrentPulses:
   788                           	callstack 0
   789   000015                     
   790                           ; 1 bytes @ 0x14
   791   000015                     	ds	1
   792   000016                     MovementSystem@Difference:
   793                           	callstack 0
   794                           
   795                           ; 2 bytes @ 0x15
   796   000016                     	ds	1
   797   000017                     
   798                           ; 1 bytes @ 0x16
   799   000017                     	ds	1
   800   000018                     ??_main:
   801                           
   802                           ; 1 bytes @ 0x17
   803   000018                     	ds	2
   804   00001A                     main@events:
   805                           	callstack 0
   806                           
   807                           ; 12 bytes @ 0x19
   808   00001A                     	ds	12
   809   000026                     main@finished:
   810                           	callstack 0
   811                           
   812                           ; 2 bytes @ 0x25
   813   000026                     	ds	2
   814                           
   815 ;;
   816 ;;Main: autosize = 0, tempsize = 2, incstack = 0, save=0
   817 ;;
   818 ;; *************** function _main *****************
   819 ;; Defined at:
   820 ;;		line 151 in file "Main.c"
   821 ;; Parameters:    Size  Location     Type
   822 ;;		None
   823 ;; Auto vars:     Size  Location     Type
   824 ;;  events         12   25[COMRAM] int [6]
   825 ;;  finished        2   37[COMRAM] int 
   826 ;; Return value:  Size  Location     Type
   827 ;;                  2  225[None  ] int 
   828 ;; Registers used:
   829 ;;		wreg, fsr1l, fsr1h, fsr2l, fsr2h, status,2, status,0, prodl, prodh, cstack
   830 ;; Tracked objects:
   831 ;;		On entry : 0/0
   832 ;;		On exit  : 0/0
   833 ;;		Unchanged: 0/0
   834 ;; Data sizes:     COMRAM   BANK0   BANK1
   835 ;;      Params:         0       0       0
   836 ;;      Locals:        14       0       0
   837 ;;      Temps:          2       0       0
   838 ;;      Totals:        16       0       0
   839 ;;Total ram usage:       16 bytes
   840 ;; Hardware stack levels required when called: 5
   841 ;; This function calls:
   842 ;;		_ChangeLane
   843 ;;		_FlashLEDs
   844 ;;		_I2C_INIT
   845 ;;		_Move
   846 ;;		_MovementSystem
   847 ;;		_PWM_INIT
   848 ;;		_SetUpLEDs
   849 ;;		_Turn
   850 ;;		_UpdateLineData
   851 ;;		_WaitFor
   852 ;; This function is called by:
   853 ;;		Startup code after reset
   854 ;; This function uses a non-reentrant model
   855 ;;
   856                           
   857                           	psect	text0
   858   000364                     __ptext0:
   859                           	callstack 0
   860   000364                     _main:
   861                           	callstack 26
   862   000364                     
   863                           ;Main.c: 152:     I2C_INIT();
   864   000364  EC17  F006         	call	_I2C_INIT	;wreg free
   865                           
   866                           ;Main.c: 153:     PWM_INIT();
   867   000368  ECEF  F005         	call	_PWM_INIT	;wreg free
   868   00036C                     
   869                           ;Main.c: 154:     SetUpLEDs();
   870   00036C  EC1D  F006         	call	_SetUpLEDs	;wreg free
   871                           
   872                           ;Main.c: 156:     CurrentSpeed = 400;
   873   000370  0E01               	movlw	1
   874   000372  6E42               	movwf	(_CurrentSpeed+1)^0,c
   875   000374  0E90               	movlw	144
   876   000376  6E41               	movwf	_CurrentSpeed^0,c
   877   000378                     
   878                           ;Main.c: 157:     FlashLEDs(3);
   879   000378  6A08               	clrf	(FlashLEDs@Flashes+1)^0,c
   880   00037A  0E03               	movlw	3
   881   00037C  6E07               	movwf	FlashLEDs@Flashes^0,c
   882   00037E  ECE5  F004         	call	_FlashLEDs	;wreg free
   883   000382                     
   884                           ;Main.c: 159:     int finished = 0;
   885   000382  6A27               	clrf	(main@finished+1)^0,c
   886   000384  0E00               	movlw	0
   887   000386  6E26               	movwf	main@finished^0,c
   888   000388                     
   889                           ;Main.c: 161:     int events[] = {1,2,3,1,2,4};
   890   000388  EE20  F035         	lfsr	2,main@F2349
   891   00038C  EE10  F01A         	lfsr	1,main@events
   892   000390  0E0B               	movlw	11
   893   000392                     u681:
   894   000392  CFDB FFE3          	movff	plusw2,plusw1
   895   000396  06E8               	decf	wreg,f,c
   896   000398  E2FC               	bc	u681
   897                           
   898                           ;Main.c: 163:     while(events_position < 6) {
   899   00039A  EF3E  F002         	goto	l1885
   900   00039E                     l1845:
   901                           
   902                           ;Main.c: 165:         if (disable_movement_system == 1) {
   903   00039E  042A               	decf	_disable_movement_system^0,w,c
   904   0003A0  102B               	iorwf	(_disable_movement_system+1)^0,w,c
   905   0003A2  A4D8               	btfss	status,2,c
   906   0003A4  EFD6  F001         	goto	u691
   907   0003A8  EFD8  F001         	goto	u690
   908   0003AC                     u691:
   909   0003AC  EF2C  F002         	goto	l1877
   910   0003B0                     u690:
   911   0003B0  EF08  F002         	goto	l1875
   912   0003B4                     l1849:
   913                           
   914                           ;Main.c: 169:                     ChangeLane();
   915   0003B4  EC56  F005         	call	_ChangeLane	;wreg free
   916   0003B8                     l1851:
   917                           
   918                           ;Main.c: 170:                     disable_movement_system = 0;
   919   0003B8  6A2B               	clrf	(_disable_movement_system+1)^0,c
   920   0003BA  0E00               	movlw	0
   921   0003BC  6E2A               	movwf	_disable_movement_system^0,c
   922   0003BE                     l1853:
   923                           
   924                           ;Main.c: 171:                     events_position += 1;
   925   0003BE  4A28               	infsnz	_events_position^0,f,c
   926   0003C0  2A29               	incf	(_events_position+1)^0,f,c
   927                           
   928                           ;Main.c: 172:                     break;
   929   0003C2  EF35  F002         	goto	l1883
   930   0003C6                     l1855:
   931                           
   932                           ;Main.c: 175:                     Move(0,0);
   933   0003C6  6A08               	clrf	(Move@Speed+1)^0,c
   934   0003C8  0E00               	movlw	0
   935   0003CA  6E07               	movwf	Move@Speed^0,c
   936   0003CC  6A0A               	clrf	(Move@Difference+1)^0,c
   937   0003CE  0E00               	movlw	0
   938   0003D0  6E09               	movwf	Move@Difference^0,c
   939   0003D2  EC33  F005         	call	_Move	;wreg free
   940   0003D6                     
   941                           ;Main.c: 176:                     FlashLEDs(3);
   942   0003D6  6A08               	clrf	(FlashLEDs@Flashes+1)^0,c
   943   0003D8  0E03               	movlw	3
   944   0003DA  6E07               	movwf	FlashLEDs@Flashes^0,c
   945   0003DC  ECE5  F004         	call	_FlashLEDs	;wreg free
   946   0003E0  EFDF  F001         	goto	l1853
   947   0003E4                     l1861:
   948                           
   949                           ;Main.c: 181:                     Turn(4);
   950   0003E4  6A10               	clrf	(Turn@Eighths+1)^0,c
   951   0003E6  0E04               	movlw	4
   952   0003E8  6E0F               	movwf	Turn@Eighths^0,c
   953   0003EA  ECF8  F003         	call	_Turn	;wreg free
   954                           
   955                           ;Main.c: 182:                     WaitFor(5);
   956   0003EE  6A02               	clrf	(WaitFor@TimeSeconds+1)^0,c
   957   0003F0  0E05               	movlw	5
   958   0003F2  6E01               	movwf	WaitFor@TimeSeconds^0,c
   959   0003F4  EC0C  F005         	call	_WaitFor	;wreg free
   960   0003F8  EFDC  F001         	goto	l1851
   961   0003FC                     l1867:
   962                           
   963                           ;Main.c: 188:                     disable_movement_system = 1;
   964   0003FC  6A2B               	clrf	(_disable_movement_system+1)^0,c
   965   0003FE  0E01               	movlw	1
   966   000400  6E2A               	movwf	_disable_movement_system^0,c
   967   000402                     
   968                           ;Main.c: 189:                     events_position += 1;
   969   000402  4A28               	infsnz	_events_position^0,f,c
   970   000404  2A29               	incf	(_events_position+1)^0,f,c
   971   000406                     
   972                           ;Main.c: 190:                     finished = 1;
   973   000406  6A27               	clrf	(main@finished+1)^0,c
   974   000408  0E01               	movlw	1
   975   00040A  6E26               	movwf	main@finished^0,c
   976                           
   977                           ;Main.c: 191:                     break;
   978   00040C  EF35  F002         	goto	l1883
   979   000410                     l1875:
   980   000410  5028               	movf	_events_position^0,w,c
   981   000412  0D02               	mullw	2
   982   000414  50F3               	movf	243,w,c
   983   000416  0F1A               	addlw	low main@events
   984   000418  6ED9               	movwf	fsr2l,c
   985   00041A  6ADA               	clrf	fsr2h,c
   986   00041C  CFDE F018          	movff	postinc2,??_main
   987   000420  CFDD F019          	movff	postdec2,??_main+1
   988                           
   989                           ; Switch on 2 bytes has been partitioned into a top level switch of size 1, and 1 sub-sw
      +                          itches
   990                           ; Switch size 1, requested type "simple"
   991                           ; Number of cases is 1, Range of values is 0 to 0
   992                           ; switch strategies available:
   993                           ; Name         Instructions Cycles
   994                           ; simple_byte            4     3 (average)
   995                           ;	Chosen strategy is simple_byte
   996   000424  5019               	movf	(??_main+1)^0,w,c
   997   000426  0A00               	xorlw	0	; case 0
   998   000428  B4D8               	btfsc	status,2,c
   999   00042A  EF19  F002         	goto	l1895
  1000   00042E  EF35  F002         	goto	l1883
  1001   000432                     l1895:
  1002                           
  1003                           ; Switch size 1, requested type "simple"
  1004                           ; Number of cases is 4, Range of values is 1 to 4
  1005                           ; switch strategies available:
  1006                           ; Name         Instructions Cycles
  1007                           ; simple_byte           13     7 (average)
  1008                           ;	Chosen strategy is simple_byte
  1009   000432  5018               	movf	??_main^0,w,c
  1010   000434  0A01               	xorlw	1	; case 1
  1011   000436  B4D8               	btfsc	status,2,c
  1012   000438  EFDA  F001         	goto	l1849
  1013   00043C  0A03               	xorlw	3	; case 2
  1014   00043E  B4D8               	btfsc	status,2,c
  1015   000440  EFE3  F001         	goto	l1855
  1016   000444  0A01               	xorlw	1	; case 3
  1017   000446  B4D8               	btfsc	status,2,c
  1018   000448  EFF2  F001         	goto	l1861
  1019   00044C  0A07               	xorlw	7	; case 4
  1020   00044E  B4D8               	btfsc	status,2,c
  1021   000450  EFFE  F001         	goto	l1867
  1022   000454  EF35  F002         	goto	l1883
  1023   000458                     l1877:
  1024                           
  1025                           ;Main.c: 196:             UpdateLineData();
  1026   000458  ECBB  F005         	call	_UpdateLineData	;wreg free
  1027   00045C                     
  1028                           ;Main.c: 197:             MovementSystem();
  1029   00045C  ECD4  F002         	call	_MovementSystem	;wreg free
  1030   000460  EF35  F002         	goto	l1883
  1031   000464                     l1881:
  1032                           
  1033                           ;Main.c: 200:             disable_movement_system = 1;
  1034   000464  6A2B               	clrf	(_disable_movement_system+1)^0,c
  1035   000466  0E01               	movlw	1
  1036   000468  6E2A               	movwf	_disable_movement_system^0,c
  1037   00046A                     l1883:
  1038                           
  1039                           ;Main.c: 199:         while (finished == 1) {
  1040   00046A  0426               	decf	main@finished^0,w,c
  1041   00046C  1027               	iorwf	(main@finished+1)^0,w,c
  1042   00046E  B4D8               	btfsc	status,2,c
  1043   000470  EF3C  F002         	goto	u701
  1044   000474  EF3E  F002         	goto	u700
  1045   000478                     u701:
  1046   000478  EF32  F002         	goto	l1881
  1047   00047C                     u700:
  1048   00047C                     l1885:
  1049                           
  1050                           ;Main.c: 163:     while(events_position < 6) {
  1051   00047C  BE29               	btfsc	(_events_position+1)^0,7,c
  1052   00047E  EF4A  F002         	goto	u711
  1053   000482  5029               	movf	(_events_position+1)^0,w,c
  1054   000484  E109               	bnz	u710
  1055   000486  0E06               	movlw	6
  1056   000488  5C28               	subwf	_events_position^0,w,c
  1057   00048A  A0D8               	btfss	status,0,c
  1058   00048C  EF4A  F002         	goto	u711
  1059   000490  EF4C  F002         	goto	u710
  1060   000494                     u711:
  1061   000494  EFCF  F001         	goto	l1845
  1062   000498                     u710:
  1063   000498  EFFE  F007         	goto	start
  1064   00049C                     __end_of_main:
  1065                           	callstack 0
  1066                           
  1067 ;; *************** function _UpdateLineData *****************
  1068 ;; Defined at:
  1069 ;;		line 71 in file "I2C7.c"
  1070 ;; Parameters:    Size  Location     Type
  1071 ;;		None
  1072 ;; Auto vars:     Size  Location     Type
  1073 ;;		None
  1074 ;; Return value:  Size  Location     Type
  1075 ;;                  1    wreg      void 
  1076 ;; Registers used:
  1077 ;;		wreg, status,2, status,0, cstack
  1078 ;; Tracked objects:
  1079 ;;		On entry : 0/0
  1080 ;;		On exit  : 0/0
  1081 ;;		Unchanged: 0/0
  1082 ;; Data sizes:     COMRAM   BANK0   BANK1
  1083 ;;      Params:         0       0       0
  1084 ;;      Locals:         0       0       0
  1085 ;;      Temps:          0       0       0
  1086 ;;      Totals:         0       0       0
  1087 ;;Total ram usage:        0 bytes
  1088 ;; Hardware stack levels used: 1
  1089 ;; Hardware stack levels required when called: 2
  1090 ;; This function calls:
  1091 ;;		_I2C_Read
  1092 ;;		_I2C_RepeatedStart
  1093 ;;		_I2C_Start
  1094 ;;		_I2C_Stop
  1095 ;;		_I2C_Write
  1096 ;; This function is called by:
  1097 ;;		_main
  1098 ;;		_ShowTest
  1099 ;; This function uses a non-reentrant model
  1100 ;;
  1101                           
  1102                           	psect	text1
  1103   000B76                     __ptext1:
  1104                           	callstack 0
  1105   000B76                     _UpdateLineData:
  1106                           	callstack 28
  1107   000B76                     
  1108                           ;I2C7.c: 74:     I2C_Start();
  1109   000B76  EC26  F006         	call	_I2C_Start	;wreg free
  1110                           
  1111                           ;I2C7.c: 75:     I2C_Write(0x7C);
  1112   000B7A  0E7C               	movlw	124
  1113   000B7C  EC11  F006         	call	_I2C_Write
  1114                           
  1115                           ;I2C7.c: 76:     I2C_Write(0x11);
  1116   000B80  0E11               	movlw	17
  1117   000B82  EC11  F006         	call	_I2C_Write
  1118                           
  1119                           ;I2C7.c: 77:     I2C_RepeatedStart();
  1120   000B86  EC2A  F006         	call	_I2C_RepeatedStart	;wreg free
  1121                           
  1122                           ;I2C7.c: 78:     I2C_Write(0x7D);
  1123   000B8A  0E7D               	movlw	125
  1124   000B8C  EC11  F006         	call	_I2C_Write
  1125                           
  1126                           ;I2C7.c: 79:     linesensor=I2C_Read();
  1127   000B90  ECE3  F005         	call	_I2C_Read	;wreg free
  1128   000B94  6E30               	movwf	_linesensor^0,c
  1129   000B96                     
  1130                           ;I2C7.c: 80:     LATB=linesensor;
  1131   000B96  C030  FF8A         	movff	_linesensor,3978	;volatile
  1132                           
  1133                           ;I2C7.c: 81:     I2C_Stop();
  1134   000B9A  EC22  F006         	call	_I2C_Stop	;wreg free
  1135   000B9E  0012               	return		;funcret
  1136   000BA0                     __end_of_UpdateLineData:
  1137                           	callstack 0
  1138                           
  1139 ;; *************** function _I2C_Write *****************
  1140 ;; Defined at:
  1141 ;;		line 119 in file "I2C7.c"
  1142 ;; Parameters:    Size  Location     Type
  1143 ;;  write           1    wreg     unsigned char 
  1144 ;; Auto vars:     Size  Location     Type
  1145 ;;  write           1    1[COMRAM] unsigned char 
  1146 ;; Return value:  Size  Location     Type
  1147 ;;                  1    wreg      void 
  1148 ;; Registers used:
  1149 ;;		wreg, status,2, status,0, cstack
  1150 ;; Tracked objects:
  1151 ;;		On entry : 0/0
  1152 ;;		On exit  : 0/0
  1153 ;;		Unchanged: 0/0
  1154 ;; Data sizes:     COMRAM   BANK0   BANK1
  1155 ;;      Params:         0       0       0
  1156 ;;      Locals:         1       0       0
  1157 ;;      Temps:          0       0       0
  1158 ;;      Totals:         1       0       0
  1159 ;;Total ram usage:        1 bytes
  1160 ;; Hardware stack levels used: 1
  1161 ;; Hardware stack levels required when called: 1
  1162 ;; This function calls:
  1163 ;;		_I2C_checkbus_free
  1164 ;; This function is called by:
  1165 ;;		_UpdateLineData
  1166 ;; This function uses a non-reentrant model
  1167 ;;
  1168                           
  1169                           	psect	text2
  1170   000C22                     __ptext2:
  1171                           	callstack 0
  1172   000C22                     _I2C_Write:
  1173                           	callstack 28
  1174                           
  1175                           ;incstack = 0
  1176                           ;I2C_Write@write stored from wreg
  1177   000C22  6E02               	movwf	I2C_Write@write^0,c
  1178   000C24                     
  1179                           ;I2C7.c: 119: void I2C_Write(unsigned char write);I2C7.c: 120: {;I2C7.c: 121:   I2C_chec
      +                          kbus_free();
  1180   000C24  ECD0  F005         	call	_I2C_checkbus_free	;wreg free
  1181   000C28                     
  1182                           ;I2C7.c: 122:   SSPBUF = write;
  1183   000C28  C002  FFC9         	movff	I2C_Write@write,4041	;volatile
  1184   000C2C  0012               	return		;funcret
  1185   000C2E                     __end_of_I2C_Write:
  1186                           	callstack 0
  1187                           
  1188 ;; *************** function _I2C_Stop *****************
  1189 ;; Defined at:
  1190 ;;		line 113 in file "I2C7.c"
  1191 ;; Parameters:    Size  Location     Type
  1192 ;;		None
  1193 ;; Auto vars:     Size  Location     Type
  1194 ;;		None
  1195 ;; Return value:  Size  Location     Type
  1196 ;;                  1    wreg      void 
  1197 ;; Registers used:
  1198 ;;		wreg, status,2, status,0, cstack
  1199 ;; Tracked objects:
  1200 ;;		On entry : 0/0
  1201 ;;		On exit  : 0/0
  1202 ;;		Unchanged: 0/0
  1203 ;; Data sizes:     COMRAM   BANK0   BANK1
  1204 ;;      Params:         0       0       0
  1205 ;;      Locals:         0       0       0
  1206 ;;      Temps:          0       0       0
  1207 ;;      Totals:         0       0       0
  1208 ;;Total ram usage:        0 bytes
  1209 ;; Hardware stack levels used: 1
  1210 ;; Hardware stack levels required when called: 1
  1211 ;; This function calls:
  1212 ;;		_I2C_checkbus_free
  1213 ;; This function is called by:
  1214 ;;		_UpdateLineData
  1215 ;; This function uses a non-reentrant model
  1216 ;;
  1217                           
  1218                           	psect	text3
  1219   000C44                     __ptext3:
  1220                           	callstack 0
  1221   000C44                     _I2C_Stop:
  1222                           	callstack 28
  1223   000C44                     
  1224                           ;I2C7.c: 115:   I2C_checkbus_free();
  1225   000C44  ECD0  F005         	call	_I2C_checkbus_free	;wreg free
  1226   000C48                     
  1227                           ;I2C7.c: 116:   PEN = 1;
  1228   000C48  84C5               	bsf	4037,2,c	;volatile
  1229   000C4A  0012               	return		;funcret
  1230   000C4C                     __end_of_I2C_Stop:
  1231                           	callstack 0
  1232                           
  1233 ;; *************** function _I2C_Start *****************
  1234 ;; Defined at:
  1235 ;;		line 101 in file "I2C7.c"
  1236 ;; Parameters:    Size  Location     Type
  1237 ;;		None
  1238 ;; Auto vars:     Size  Location     Type
  1239 ;;		None
  1240 ;; Return value:  Size  Location     Type
  1241 ;;                  1    wreg      void 
  1242 ;; Registers used:
  1243 ;;		wreg, status,2, status,0, cstack
  1244 ;; Tracked objects:
  1245 ;;		On entry : 0/0
  1246 ;;		On exit  : 0/0
  1247 ;;		Unchanged: 0/0
  1248 ;; Data sizes:     COMRAM   BANK0   BANK1
  1249 ;;      Params:         0       0       0
  1250 ;;      Locals:         0       0       0
  1251 ;;      Temps:          0       0       0
  1252 ;;      Totals:         0       0       0
  1253 ;;Total ram usage:        0 bytes
  1254 ;; Hardware stack levels used: 1
  1255 ;; Hardware stack levels required when called: 1
  1256 ;; This function calls:
  1257 ;;		_I2C_checkbus_free
  1258 ;; This function is called by:
  1259 ;;		_UpdateLineData
  1260 ;; This function uses a non-reentrant model
  1261 ;;
  1262                           
  1263                           	psect	text4
  1264   000C4C                     __ptext4:
  1265                           	callstack 0
  1266   000C4C                     _I2C_Start:
  1267                           	callstack 28
  1268   000C4C                     
  1269                           ;I2C7.c: 103:   I2C_checkbus_free();
  1270   000C4C  ECD0  F005         	call	_I2C_checkbus_free	;wreg free
  1271   000C50                     
  1272                           ;I2C7.c: 104:   SEN = 1;
  1273   000C50  80C5               	bsf	4037,0,c	;volatile
  1274   000C52  0012               	return		;funcret
  1275   000C54                     __end_of_I2C_Start:
  1276                           	callstack 0
  1277                           
  1278 ;; *************** function _I2C_RepeatedStart *****************
  1279 ;; Defined at:
  1280 ;;		line 107 in file "I2C7.c"
  1281 ;; Parameters:    Size  Location     Type
  1282 ;;		None
  1283 ;; Auto vars:     Size  Location     Type
  1284 ;;		None
  1285 ;; Return value:  Size  Location     Type
  1286 ;;                  1    wreg      void 
  1287 ;; Registers used:
  1288 ;;		wreg, status,2, status,0, cstack
  1289 ;; Tracked objects:
  1290 ;;		On entry : 0/0
  1291 ;;		On exit  : 0/0
  1292 ;;		Unchanged: 0/0
  1293 ;; Data sizes:     COMRAM   BANK0   BANK1
  1294 ;;      Params:         0       0       0
  1295 ;;      Locals:         0       0       0
  1296 ;;      Temps:          0       0       0
  1297 ;;      Totals:         0       0       0
  1298 ;;Total ram usage:        0 bytes
  1299 ;; Hardware stack levels used: 1
  1300 ;; Hardware stack levels required when called: 1
  1301 ;; This function calls:
  1302 ;;		_I2C_checkbus_free
  1303 ;; This function is called by:
  1304 ;;		_UpdateLineData
  1305 ;; This function uses a non-reentrant model
  1306 ;;
  1307                           
  1308                           	psect	text5
  1309   000C54                     __ptext5:
  1310                           	callstack 0
  1311   000C54                     _I2C_RepeatedStart:
  1312                           	callstack 28
  1313   000C54                     
  1314                           ;I2C7.c: 109:   I2C_checkbus_free();
  1315   000C54  ECD0  F005         	call	_I2C_checkbus_free	;wreg free
  1316   000C58                     
  1317                           ;I2C7.c: 110:   RSEN = 1;
  1318   000C58  82C5               	bsf	4037,1,c	;volatile
  1319   000C5A  0012               	return		;funcret
  1320   000C5C                     __end_of_I2C_RepeatedStart:
  1321                           	callstack 0
  1322                           
  1323 ;; *************** function _I2C_Read *****************
  1324 ;; Defined at:
  1325 ;;		line 125 in file "I2C7.c"
  1326 ;; Parameters:    Size  Location     Type
  1327 ;;		None
  1328 ;; Auto vars:     Size  Location     Type
  1329 ;;  temp            1    1[COMRAM] unsigned char 
  1330 ;; Return value:  Size  Location     Type
  1331 ;;                  1    wreg      unsigned char 
  1332 ;; Registers used:
  1333 ;;		wreg, status,2, status,0, cstack
  1334 ;; Tracked objects:
  1335 ;;		On entry : 0/0
  1336 ;;		On exit  : 0/0
  1337 ;;		Unchanged: 0/0
  1338 ;; Data sizes:     COMRAM   BANK0   BANK1
  1339 ;;      Params:         0       0       0
  1340 ;;      Locals:         1       0       0
  1341 ;;      Temps:          0       0       0
  1342 ;;      Totals:         1       0       0
  1343 ;;Total ram usage:        1 bytes
  1344 ;; Hardware stack levels used: 1
  1345 ;; Hardware stack levels required when called: 1
  1346 ;; This function calls:
  1347 ;;		_I2C_checkbus_free
  1348 ;; This function is called by:
  1349 ;;		_UpdateLineData
  1350 ;; This function uses a non-reentrant model
  1351 ;;
  1352                           
  1353                           	psect	text6
  1354   000BC6                     __ptext6:
  1355                           	callstack 0
  1356   000BC6                     _I2C_Read:
  1357                           	callstack 28
  1358   000BC6                     
  1359                           ;I2C7.c: 127:   unsigned char temp;;I2C7.c: 128:   I2C_checkbus_free();
  1360   000BC6  ECD0  F005         	call	_I2C_checkbus_free	;wreg free
  1361   000BCA                     
  1362                           ;I2C7.c: 129:   RCEN = 1;
  1363   000BCA  86C5               	bsf	4037,3,c	;volatile
  1364                           
  1365                           ;I2C7.c: 130:   I2C_checkbus_free();
  1366   000BCC  ECD0  F005         	call	_I2C_checkbus_free	;wreg free
  1367   000BD0                     
  1368                           ;I2C7.c: 131:   temp = SSPBUF;
  1369   000BD0  CFC9 F002          	movff	4041,I2C_Read@temp	;volatile
  1370                           
  1371                           ;I2C7.c: 132:   I2C_checkbus_free();
  1372   000BD4  ECD0  F005         	call	_I2C_checkbus_free	;wreg free
  1373   000BD8                     
  1374                           ;I2C7.c: 133:   ACKEN = 1;
  1375   000BD8  88C5               	bsf	4037,4,c	;volatile
  1376   000BDA                     
  1377                           ;I2C7.c: 134:   return temp;
  1378   000BDA  5002               	movf	I2C_Read@temp^0,w,c
  1379   000BDC  0012               	return		;funcret
  1380   000BDE                     __end_of_I2C_Read:
  1381                           	callstack 0
  1382                           
  1383 ;; *************** function _I2C_checkbus_free *****************
  1384 ;; Defined at:
  1385 ;;		line 96 in file "I2C7.c"
  1386 ;; Parameters:    Size  Location     Type
  1387 ;;		None
  1388 ;; Auto vars:     Size  Location     Type
  1389 ;;		None
  1390 ;; Return value:  Size  Location     Type
  1391 ;;                  1    wreg      void 
  1392 ;; Registers used:
  1393 ;;		wreg, status,2, status,0
  1394 ;; Tracked objects:
  1395 ;;		On entry : 0/0
  1396 ;;		On exit  : 0/0
  1397 ;;		Unchanged: 0/0
  1398 ;; Data sizes:     COMRAM   BANK0   BANK1
  1399 ;;      Params:         0       0       0
  1400 ;;      Locals:         0       0       0
  1401 ;;      Temps:          1       0       0
  1402 ;;      Totals:         1       0       0
  1403 ;;Total ram usage:        1 bytes
  1404 ;; Hardware stack levels used: 1
  1405 ;; This function calls:
  1406 ;;		Nothing
  1407 ;; This function is called by:
  1408 ;;		_I2C_Start
  1409 ;;		_I2C_RepeatedStart
  1410 ;;		_I2C_Stop
  1411 ;;		_I2C_Write
  1412 ;;		_I2C_Read
  1413 ;; This function uses a non-reentrant model
  1414 ;;
  1415                           
  1416                           	psect	text7
  1417   000BA0                     __ptext7:
  1418                           	callstack 0
  1419   000BA0                     _I2C_checkbus_free:
  1420                           	callstack 28
  1421   000BA0                     l108:
  1422   000BA0  B4C7               	btfsc	199,2,c	;volatile
  1423   000BA2  EFD5  F005         	goto	u31
  1424   000BA6  EFD7  F005         	goto	u30
  1425   000BAA                     u31:
  1426   000BAA  EFD0  F005         	goto	l108
  1427   000BAE                     u30:
  1428   000BAE  CFC5 F001          	movff	4037,??_I2C_checkbus_free	;volatile
  1429   000BB2  0E1F               	movlw	31
  1430   000BB4  1601               	andwf	??_I2C_checkbus_free^0,f,c
  1431   000BB6  A4D8               	btfss	status,2,c
  1432   000BB8  EFE0  F005         	goto	u41
  1433   000BBC  EFE2  F005         	goto	u40
  1434   000BC0                     u41:
  1435   000BC0  EFD0  F005         	goto	l108
  1436   000BC4                     u40:
  1437   000BC4  0012               	return		;funcret
  1438   000BC6                     __end_of_I2C_checkbus_free:
  1439                           	callstack 0
  1440                           
  1441 ;; *************** function _PWM_INIT *****************
  1442 ;; Defined at:
  1443 ;;		line 32 in file "PWM10bit_2.c"
  1444 ;; Parameters:    Size  Location     Type
  1445 ;;		None
  1446 ;; Auto vars:     Size  Location     Type
  1447 ;;		None
  1448 ;; Return value:  Size  Location     Type
  1449 ;;                  1    wreg      void 
  1450 ;; Registers used:
  1451 ;;		wreg, status,2, cstack
  1452 ;; Tracked objects:
  1453 ;;		On entry : 0/0
  1454 ;;		On exit  : 0/0
  1455 ;;		Unchanged: 0/0
  1456 ;; Data sizes:     COMRAM   BANK0   BANK1
  1457 ;;      Params:         0       0       0
  1458 ;;      Locals:         0       0       0
  1459 ;;      Temps:          0       0       0
  1460 ;;      Totals:         0       0       0
  1461 ;;Total ram usage:        0 bytes
  1462 ;; Hardware stack levels used: 1
  1463 ;; Hardware stack levels required when called: 1
  1464 ;; This function calls:
  1465 ;;		_configPWM
  1466 ;; This function is called by:
  1467 ;;		_main
  1468 ;; This function uses a non-reentrant model
  1469 ;;
  1470                           
  1471                           	psect	text8
  1472   000BDE                     __ptext8:
  1473                           	callstack 0
  1474   000BDE                     _PWM_INIT:
  1475                           	callstack 29
  1476   000BDE                     
  1477                           ;PWM10bit_2.c: 35:     }
  1478   000BDE  0E0D               	movlw	13
  1479   000BE0  6EC1               	movwf	193,c	;volatile
  1480                           
  1481                           ;PWM10bit_2.c: 36:     else{
  1482   000BE2  0ECF               	movlw	207
  1483   000BE4  6E92               	movwf	146,c	;volatile
  1484   000BE6                     
  1485                           ;PWM10bit_2.c: 37:         LATAbits.LA4 = 0;
  1486   000BE6  6A93               	clrf	147,c	;volatile
  1487                           
  1488                           ;PWM10bit_2.c: 38:         LATAbits.LA5 = 1;
  1489   000BE8  0E39               	movlw	57
  1490   000BEA  6E94               	movwf	148,c	;volatile
  1491   000BEC                     
  1492                           ;PWM10bit_2.c: 39:     }
  1493   000BEC  6A8A               	clrf	138,c	;volatile
  1494   000BEE                     
  1495                           ;PWM10bit_2.c: 40:     if(RightSpeed < 0){
  1496   000BEE  ECFA  F005         	call	_configPWM	;wreg free
  1497   000BF2  0012               	return		;funcret
  1498   000BF4                     __end_of_PWM_INIT:
  1499                           	callstack 0
  1500                           
  1501 ;; *************** function _configPWM *****************
  1502 ;; Defined at:
  1503 ;;		line 75 in file "PWM10bit_2.c"
  1504 ;; Parameters:    Size  Location     Type
  1505 ;;		None
  1506 ;; Auto vars:     Size  Location     Type
  1507 ;;		None
  1508 ;; Return value:  Size  Location     Type
  1509 ;;                  1    wreg      void 
  1510 ;; Registers used:
  1511 ;;		wreg, status,2
  1512 ;; Tracked objects:
  1513 ;;		On entry : 0/0
  1514 ;;		On exit  : 0/0
  1515 ;;		Unchanged: 0/0
  1516 ;; Data sizes:     COMRAM   BANK0   BANK1
  1517 ;;      Params:         0       0       0
  1518 ;;      Locals:         0       0       0
  1519 ;;      Temps:          0       0       0
  1520 ;;      Totals:         0       0       0
  1521 ;;Total ram usage:        0 bytes
  1522 ;; Hardware stack levels used: 1
  1523 ;; This function calls:
  1524 ;;		Nothing
  1525 ;; This function is called by:
  1526 ;;		_PWM_INIT
  1527 ;; This function uses a non-reentrant model
  1528 ;;
  1529                           
  1530                           	psect	text9
  1531   000BF4                     __ptext9:
  1532                           	callstack 0
  1533   000BF4                     _configPWM:
  1534                           	callstack 29
  1535   000BF4  68CB               	setf	203,c	;volatile
  1536   000BF6  0E07               	movlw	7
  1537   000BF8  6ECA               	movwf	202,c	;volatile
  1538   000BFA  0E0C               	movlw	12
  1539   000BFC  6EBD               	movwf	189,c	;volatile
  1540   000BFE  0E0C               	movlw	12
  1541   000C00  6EBA               	movwf	186,c	;volatile
  1542   000C02  6ABE               	clrf	190,c	;volatile
  1543   000C04  6ABB               	clrf	187,c	;volatile
  1544   000C06  0012               	return		;funcret
  1545   000C08                     __end_of_configPWM:
  1546                           	callstack 0
  1547                           
  1548 ;; *************** function _MovementSystem *****************
  1549 ;; Defined at:
  1550 ;;		line 239 in file "Main.c"
  1551 ;; Parameters:    Size  Location     Type
  1552 ;;		None
  1553 ;; Auto vars:     Size  Location     Type
  1554 ;;  Difference      2   21[COMRAM] int 
  1555 ;;  leftSensorVa    2   19[COMRAM] int 
  1556 ;;  rightSensorV    2   17[COMRAM] int 
  1557 ;; Return value:  Size  Location     Type
  1558 ;;                  1    wreg      void 
  1559 ;; Registers used:
  1560 ;;		wreg, status,2, status,0, prodl, prodh, cstack
  1561 ;; Tracked objects:
  1562 ;;		On entry : 0/0
  1563 ;;		On exit  : 0/0
  1564 ;;		Unchanged: 0/0
  1565 ;; Data sizes:     COMRAM   BANK0   BANK1
  1566 ;;      Params:         0       0       0
  1567 ;;      Locals:         6       0       0
  1568 ;;      Temps:          0       0       0
  1569 ;;      Totals:         6       0       0
  1570 ;;Total ram usage:        6 bytes
  1571 ;; Hardware stack levels used: 1
  1572 ;; Hardware stack levels required when called: 2
  1573 ;; This function calls:
  1574 ;;		_FollowLine
  1575 ;;		_LeftDistanceSensor
  1576 ;;		_Move
  1577 ;;		_RightDistanceSensor
  1578 ;;		_SlowDown
  1579 ;; This function is called by:
  1580 ;;		_main
  1581 ;; This function uses a non-reentrant model
  1582 ;;
  1583                           
  1584                           	psect	text10
  1585   0005A8                     __ptext10:
  1586                           	callstack 0
  1587   0005A8                     _MovementSystem:
  1588                           	callstack 28
  1589   0005A8                     
  1590                           ;Main.c: 240:     int Difference = FollowLine();
  1591   0005A8  ECB5  F003         	call	_FollowLine	;wreg free
  1592   0005AC  C004  F016         	movff	?_FollowLine,MovementSystem@Difference
  1593   0005B0  C005  F017         	movff	?_FollowLine+1,MovementSystem@Difference+1
  1594   0005B4                     
  1595                           ;Main.c: 241:     if(Difference == -111){
  1596   0005B4  0E91               	movlw	145
  1597   0005B6  1816               	xorwf	MovementSystem@Difference^0,w,c
  1598   0005B8  E106               	bnz	u631
  1599   0005BA  2817               	incf	(MovementSystem@Difference+1)^0,w,c
  1600   0005BC  A4D8               	btfss	status,2,c
  1601   0005BE  EFE3  F002         	goto	u631
  1602   0005C2  EFE5  F002         	goto	u630
  1603   0005C6                     u631:
  1604   0005C6  EFEE  F002         	goto	l1813
  1605   0005CA                     u630:
  1606   0005CA                     
  1607                           ;Main.c: 243:         disable_movement_system = 1;
  1608   0005CA  6A2B               	clrf	(_disable_movement_system+1)^0,c
  1609   0005CC  0E01               	movlw	1
  1610   0005CE  6E2A               	movwf	_disable_movement_system^0,c
  1611                           
  1612                           ;Main.c: 245:         CurrentSpeed = 400;
  1613   0005D0  0E01               	movlw	1
  1614   0005D2  6E42               	movwf	(_CurrentSpeed+1)^0,c
  1615   0005D4  0E90               	movlw	144
  1616   0005D6  6E41               	movwf	_CurrentSpeed^0,c
  1617                           
  1618                           ;Main.c: 247:     }
  1619   0005D8  EF06  F003         	goto	l1819
  1620   0005DC                     l1813:
  1621   0005DC  0EE7               	movlw	231
  1622   0005DE  1816               	xorwf	MovementSystem@Difference^0,w,c
  1623   0005E0  E107               	bnz	u641
  1624   0005E2  0E03               	movlw	3
  1625   0005E4  1817               	xorwf	(MovementSystem@Difference+1)^0,w,c
  1626   0005E6  A4D8               	btfss	status,2,c
  1627   0005E8  EFF8  F002         	goto	u641
  1628   0005EC  EFFA  F002         	goto	u640
  1629   0005F0                     u641:
  1630   0005F0  EF02  F003         	goto	l1817
  1631   0005F4                     u640:
  1632   0005F4                     
  1633                           ;Main.c: 249:         CurrentSpeed = 150;
  1634   0005F4  6A42               	clrf	(_CurrentSpeed+1)^0,c
  1635   0005F6  0E96               	movlw	150
  1636   0005F8  6E41               	movwf	_CurrentSpeed^0,c
  1637                           
  1638                           ;Main.c: 250:         Difference = 0;
  1639   0005FA  6A17               	clrf	(MovementSystem@Difference+1)^0,c
  1640   0005FC  0E00               	movlw	0
  1641   0005FE  6E16               	movwf	MovementSystem@Difference^0,c
  1642                           
  1643                           ;Main.c: 251:     }
  1644   000600  EF06  F003         	goto	l1819
  1645   000604                     l1817:
  1646                           
  1647                           ;Main.c: 253:         CurrentSpeed = 400;
  1648   000604  0E01               	movlw	1
  1649   000606  6E42               	movwf	(_CurrentSpeed+1)^0,c
  1650   000608  0E90               	movlw	144
  1651   00060A  6E41               	movwf	_CurrentSpeed^0,c
  1652   00060C                     l1819:
  1653                           
  1654                           ;Main.c: 256:     int rightSensorValue = RightDistanceSensor();
  1655   00060C  EC8D  F005         	call	_RightDistanceSensor	;wreg free
  1656   000610  C001  F012         	movff	?_RightDistanceSensor,MovementSystem@rightSensorValue
  1657   000614  C002  F013         	movff	?_RightDistanceSensor+1,MovementSystem@rightSensorValue+1
  1658   000618                     
  1659                           ;Main.c: 257:     int leftSensorValue = LeftDistanceSensor();
  1660   000618  ECA4  F005         	call	_LeftDistanceSensor	;wreg free
  1661   00061C  C001  F014         	movff	?_LeftDistanceSensor,MovementSystem@leftSensorValue
  1662   000620  C002  F015         	movff	?_LeftDistanceSensor+1,MovementSystem@leftSensorValue+1
  1663   000624                     
  1664                           ;Main.c: 259:     if (rightSensorValue > 4000 || leftSensorValue > 4000){
  1665   000624  BE13               	btfsc	(MovementSystem@rightSensorValue+1)^0,7,c
  1666   000626  EF20  F003         	goto	u650
  1667   00062A  0EA1               	movlw	161
  1668   00062C  5C12               	subwf	MovementSystem@rightSensorValue^0,w,c
  1669   00062E  0E0F               	movlw	15
  1670   000630  5813               	subwfb	(MovementSystem@rightSensorValue+1)^0,w,c
  1671   000632  B0D8               	btfsc	status,0,c
  1672   000634  EF1E  F003         	goto	u651
  1673   000638  EF20  F003         	goto	u650
  1674   00063C                     u651:
  1675   00063C  EF2E  F003         	goto	l1827
  1676   000640                     u650:
  1677   000640  BE15               	btfsc	(MovementSystem@leftSensorValue+1)^0,7,c
  1678   000642  EF2C  F003         	goto	u661
  1679   000646  0EA1               	movlw	161
  1680   000648  5C14               	subwf	MovementSystem@leftSensorValue^0,w,c
  1681   00064A  0E0F               	movlw	15
  1682   00064C  5815               	subwfb	(MovementSystem@leftSensorValue+1)^0,w,c
  1683   00064E  A0D8               	btfss	status,0,c
  1684   000650  EF2C  F003         	goto	u661
  1685   000654  EF2E  F003         	goto	u660
  1686   000658                     u661:
  1687   000658  EF40  F003         	goto	l1829
  1688   00065C                     u660:
  1689   00065C                     l1827:
  1690                           
  1691                           ;Main.c: 260:         CurrentSpeed = SlowDown(leftSensorValue,rightSensorValue,CurrentSp
      +                          eed);
  1692   00065C  C014  F009         	movff	MovementSystem@leftSensorValue,SlowDown@leftSensorValue
  1693   000660  C015  F00A         	movff	MovementSystem@leftSensorValue+1,SlowDown@leftSensorValue+1
  1694   000664  C012  F00B         	movff	MovementSystem@rightSensorValue,SlowDown@rightSensorValue
  1695   000668  C013  F00C         	movff	MovementSystem@rightSensorValue+1,SlowDown@rightSensorValue+1
  1696   00066C  C041  F00D         	movff	_CurrentSpeed,SlowDown@Speed
  1697   000670  C042  F00E         	movff	_CurrentSpeed+1,SlowDown@Speed+1
  1698   000674  EC4E  F002         	call	_SlowDown	;wreg free
  1699   000678  C009  F041         	movff	?_SlowDown,_CurrentSpeed
  1700   00067C  C00A  F042         	movff	?_SlowDown+1,_CurrentSpeed+1
  1701   000680                     l1829:
  1702                           
  1703                           ;Main.c: 263:     if (CurrentSpeed < 0) {
  1704   000680  BE42               	btfsc	(_CurrentSpeed+1)^0,7,c
  1705   000682  EF47  F003         	goto	u670
  1706   000686  EF45  F003         	goto	u671
  1707   00068A                     u671:
  1708   00068A  EF4A  F003         	goto	l1833
  1709   00068E                     u670:
  1710   00068E                     
  1711                           ;Main.c: 264:         CurrentSpeed = 0;
  1712   00068E  6A42               	clrf	(_CurrentSpeed+1)^0,c
  1713   000690  0E00               	movlw	0
  1714   000692  6E41               	movwf	_CurrentSpeed^0,c
  1715   000694                     l1833:
  1716                           
  1717                           ;Main.c: 267:     Move(CurrentSpeed, Difference);
  1718   000694  C041  F007         	movff	_CurrentSpeed,Move@Speed
  1719   000698  C042  F008         	movff	_CurrentSpeed+1,Move@Speed+1
  1720   00069C  C016  F009         	movff	MovementSystem@Difference,Move@Difference
  1721   0006A0  C017  F00A         	movff	MovementSystem@Difference+1,Move@Difference+1
  1722   0006A4  EC33  F005         	call	_Move	;wreg free
  1723   0006A8  0012               	return		;funcret
  1724   0006AA                     __end_of_MovementSystem:
  1725                           	callstack 0
  1726                           
  1727 ;; *************** function _SlowDown *****************
  1728 ;; Defined at:
  1729 ;;		line 220 in file "Main.c"
  1730 ;; Parameters:    Size  Location     Type
  1731 ;;  leftSensorVa    2    8[COMRAM] int 
  1732 ;;  rightSensorV    2   10[COMRAM] int 
  1733 ;;  Speed           2   12[COMRAM] int 
  1734 ;; Auto vars:     Size  Location     Type
  1735 ;;  speed           2    0        int 
  1736 ;; Return value:  Size  Location     Type
  1737 ;;                  2    8[COMRAM] int 
  1738 ;; Registers used:
  1739 ;;		wreg, status,2, status,0, cstack
  1740 ;; Tracked objects:
  1741 ;;		On entry : 0/0
  1742 ;;		On exit  : 0/0
  1743 ;;		Unchanged: 0/0
  1744 ;; Data sizes:     COMRAM   BANK0   BANK1
  1745 ;;      Params:         6       0       0
  1746 ;;      Locals:         2       0       0
  1747 ;;      Temps:          1       0       0
  1748 ;;      Totals:         9       0       0
  1749 ;;Total ram usage:        9 bytes
  1750 ;; Hardware stack levels used: 1
  1751 ;; Hardware stack levels required when called: 1
  1752 ;; This function calls:
  1753 ;;		___awdiv
  1754 ;; This function is called by:
  1755 ;;		_MovementSystem
  1756 ;; This function uses a non-reentrant model
  1757 ;;
  1758                           
  1759                           	psect	text11
  1760   00049C                     __ptext11:
  1761                           	callstack 0
  1762   00049C                     _SlowDown:
  1763                           	callstack 28
  1764   00049C                     
  1765                           ;Main.c: 224:     if (leftSensorValue > 24000 || rightSensorValue > 24000) {
  1766   00049C  BE0A               	btfsc	(SlowDown@leftSensorValue+1)^0,7,c
  1767   00049E  EF5C  F002         	goto	u560
  1768   0004A2  0EC1               	movlw	193
  1769   0004A4  5C09               	subwf	SlowDown@leftSensorValue^0,w,c
  1770   0004A6  0E5D               	movlw	93
  1771   0004A8  580A               	subwfb	(SlowDown@leftSensorValue+1)^0,w,c
  1772   0004AA  B0D8               	btfsc	status,0,c
  1773   0004AC  EF5A  F002         	goto	u561
  1774   0004B0  EF5C  F002         	goto	u560
  1775   0004B4                     u561:
  1776   0004B4  EF6A  F002         	goto	l1737
  1777   0004B8                     u560:
  1778   0004B8  BE0C               	btfsc	(SlowDown@rightSensorValue+1)^0,7,c
  1779   0004BA  EF68  F002         	goto	u571
  1780   0004BE  0EC1               	movlw	193
  1781   0004C0  5C0B               	subwf	SlowDown@rightSensorValue^0,w,c
  1782   0004C2  0E5D               	movlw	93
  1783   0004C4  580C               	subwfb	(SlowDown@rightSensorValue+1)^0,w,c
  1784   0004C6  A0D8               	btfss	status,0,c
  1785   0004C8  EF68  F002         	goto	u571
  1786   0004CC  EF6A  F002         	goto	u570
  1787   0004D0                     u571:
  1788   0004D0  EF6F  F002         	goto	l1741
  1789   0004D4                     u570:
  1790   0004D4                     l1737:
  1791                           
  1792                           ;Main.c: 225:         return 0;
  1793   0004D4  6A0A               	clrf	(?_SlowDown+1)^0,c
  1794   0004D6  0E00               	movlw	0
  1795   0004D8  6E09               	movwf	?_SlowDown^0,c
  1796   0004DA  EFD3  F002         	goto	l248
  1797   0004DE                     l1741:
  1798                           
  1799                           ;Main.c: 228:     if (leftSensorValue > rightSensorValue) {
  1800   0004DE  5009               	movf	SlowDown@leftSensorValue^0,w,c
  1801   0004E0  5C0B               	subwf	SlowDown@rightSensorValue^0,w,c
  1802   0004E2  500C               	movf	(SlowDown@rightSensorValue+1)^0,w,c
  1803   0004E4  0A80               	xorlw	128
  1804   0004E6  6E0F               	movwf	??_SlowDown^0,c
  1805   0004E8  500A               	movf	(SlowDown@leftSensorValue+1)^0,w,c
  1806   0004EA  0A80               	xorlw	128
  1807   0004EC  580F               	subwfb	??_SlowDown^0,w,c
  1808   0004EE  B0D8               	btfsc	status,0,c
  1809   0004F0  EF7C  F002         	goto	u581
  1810   0004F4  EF7E  F002         	goto	u580
  1811   0004F8                     u581:
  1812   0004F8  EF91  F002         	goto	l1749
  1813   0004FC                     u580:
  1814   0004FC                     
  1815                           ;Main.c: 229:         return (Speed - ((leftSensorValue-4000) / 50));
  1816   0004FC  0E60               	movlw	96
  1817   0004FE  2409               	addwf	SlowDown@leftSensorValue^0,w,c
  1818   000500  6E01               	movwf	___awdiv@dividend^0,c
  1819   000502  0EF0               	movlw	240
  1820   000504  200A               	addwfc	(SlowDown@leftSensorValue+1)^0,w,c
  1821   000506  6E02               	movwf	(___awdiv@dividend+1)^0,c
  1822   000508  6A04               	clrf	(___awdiv@divisor+1)^0,c
  1823   00050A  0E32               	movlw	50
  1824   00050C  6E03               	movwf	___awdiv@divisor^0,c
  1825   00050E  EC55  F003         	call	___awdiv	;wreg free
  1826   000512  5001               	movf	?___awdiv^0,w,c
  1827   000514  5C0D               	subwf	SlowDown@Speed^0,w,c
  1828   000516  6E09               	movwf	?_SlowDown^0,c
  1829   000518  5002               	movf	(?___awdiv+1)^0,w,c
  1830   00051A  580E               	subwfb	(SlowDown@Speed+1)^0,w,c
  1831   00051C  6E0A               	movwf	(?_SlowDown+1)^0,c
  1832   00051E  EFD3  F002         	goto	l248
  1833   000522                     l1749:
  1834   000522  500B               	movf	SlowDown@rightSensorValue^0,w,c
  1835   000524  5C09               	subwf	SlowDown@leftSensorValue^0,w,c
  1836   000526  500A               	movf	(SlowDown@leftSensorValue+1)^0,w,c
  1837   000528  0A80               	xorlw	128
  1838   00052A  6E0F               	movwf	??_SlowDown^0,c
  1839   00052C  500C               	movf	(SlowDown@rightSensorValue+1)^0,w,c
  1840   00052E  0A80               	xorlw	128
  1841   000530  580F               	subwfb	??_SlowDown^0,w,c
  1842   000532  B0D8               	btfsc	status,0,c
  1843   000534  EF9E  F002         	goto	u591
  1844   000538  EFA0  F002         	goto	u590
  1845   00053C                     u591:
  1846   00053C  EFB3  F002         	goto	l1757
  1847   000540                     u590:
  1848   000540                     
  1849                           ;Main.c: 232:         return (Speed - ((rightSensorValue-4000) / 50));
  1850   000540  0E60               	movlw	96
  1851   000542  240B               	addwf	SlowDown@rightSensorValue^0,w,c
  1852   000544  6E01               	movwf	___awdiv@dividend^0,c
  1853   000546  0EF0               	movlw	240
  1854   000548  200C               	addwfc	(SlowDown@rightSensorValue+1)^0,w,c
  1855   00054A  6E02               	movwf	(___awdiv@dividend+1)^0,c
  1856   00054C  6A04               	clrf	(___awdiv@divisor+1)^0,c
  1857   00054E  0E32               	movlw	50
  1858   000550  6E03               	movwf	___awdiv@divisor^0,c
  1859   000552  EC55  F003         	call	___awdiv	;wreg free
  1860   000556  5001               	movf	?___awdiv^0,w,c
  1861   000558  5C0D               	subwf	SlowDown@Speed^0,w,c
  1862   00055A  6E09               	movwf	?_SlowDown^0,c
  1863   00055C  5002               	movf	(?___awdiv+1)^0,w,c
  1864   00055E  580E               	subwfb	(SlowDown@Speed+1)^0,w,c
  1865   000560  6E0A               	movwf	(?_SlowDown+1)^0,c
  1866   000562  EFD3  F002         	goto	l248
  1867   000566                     l1757:
  1868                           
  1869                           ;Main.c: 235:         return (Speed - ((((rightSensorValue+leftSensorValue)/2)-4000) / 5
      +                          0));
  1870   000566  6A04               	clrf	(___awdiv@divisor+1)^0,c
  1871   000568  0E02               	movlw	2
  1872   00056A  6E03               	movwf	___awdiv@divisor^0,c
  1873   00056C  5009               	movf	SlowDown@leftSensorValue^0,w,c
  1874   00056E  240B               	addwf	SlowDown@rightSensorValue^0,w,c
  1875   000570  6E01               	movwf	___awdiv@dividend^0,c
  1876   000572  500A               	movf	(SlowDown@leftSensorValue+1)^0,w,c
  1877   000574  200C               	addwfc	(SlowDown@rightSensorValue+1)^0,w,c
  1878   000576  6E02               	movwf	(___awdiv@dividend+1)^0,c
  1879   000578  EC55  F003         	call	___awdiv	;wreg free
  1880   00057C  0E60               	movlw	96
  1881   00057E  2401               	addwf	?___awdiv^0,w,c
  1882   000580  6E10               	movwf	_SlowDown$1353^0,c
  1883   000582  0EF0               	movlw	240
  1884   000584  2002               	addwfc	(?___awdiv+1)^0,w,c
  1885   000586  6E11               	movwf	(_SlowDown$1353+1)^0,c
  1886                           
  1887                           ;Main.c: 235:         return (Speed - ((((rightSensorValue+leftSensorValue)/2)-4000) / 5
      +                          0));
  1888   000588  C010  F001         	movff	_SlowDown$1353,___awdiv@dividend
  1889   00058C  C011  F002         	movff	_SlowDown$1353+1,___awdiv@dividend+1
  1890   000590  6A04               	clrf	(___awdiv@divisor+1)^0,c
  1891   000592  0E32               	movlw	50
  1892   000594  6E03               	movwf	___awdiv@divisor^0,c
  1893   000596  EC55  F003         	call	___awdiv	;wreg free
  1894   00059A  5001               	movf	?___awdiv^0,w,c
  1895   00059C  5C0D               	subwf	SlowDown@Speed^0,w,c
  1896   00059E  6E09               	movwf	?_SlowDown^0,c
  1897   0005A0  5002               	movf	(?___awdiv+1)^0,w,c
  1898   0005A2  580E               	subwfb	(SlowDown@Speed+1)^0,w,c
  1899   0005A4  6E0A               	movwf	(?_SlowDown+1)^0,c
  1900   0005A6                     l248:
  1901   0005A6  0012               	return		;funcret
  1902   0005A8                     __end_of_SlowDown:
  1903                           	callstack 0
  1904                           
  1905 ;; *************** function ___awdiv *****************
  1906 ;; Defined at:
  1907 ;;		line 7 in file "C:\Program Files\Microchip\xc8\v3.10\pic\sources\c99\common\awdiv.c"
  1908 ;; Parameters:    Size  Location     Type
  1909 ;;  dividend        2    0[COMRAM] int 
  1910 ;;  divisor         2    2[COMRAM] int 
  1911 ;; Auto vars:     Size  Location     Type
  1912 ;;  quotient        2    6[COMRAM] int 
  1913 ;;  sign            1    5[COMRAM] unsigned char 
  1914 ;;  counter         1    4[COMRAM] unsigned char 
  1915 ;; Return value:  Size  Location     Type
  1916 ;;                  2    0[COMRAM] int 
  1917 ;; Registers used:
  1918 ;;		wreg, status,2, status,0
  1919 ;; Tracked objects:
  1920 ;;		On entry : 0/0
  1921 ;;		On exit  : 0/0
  1922 ;;		Unchanged: 0/0
  1923 ;; Data sizes:     COMRAM   BANK0   BANK1
  1924 ;;      Params:         4       0       0
  1925 ;;      Locals:         4       0       0
  1926 ;;      Temps:          0       0       0
  1927 ;;      Totals:         8       0       0
  1928 ;;Total ram usage:        8 bytes
  1929 ;; Hardware stack levels used: 1
  1930 ;; This function calls:
  1931 ;;		Nothing
  1932 ;; This function is called by:
  1933 ;;		_SlowDown
  1934 ;; This function uses a non-reentrant model
  1935 ;;
  1936                           
  1937                           	psect	text12
  1938   0006AA                     __ptext12:
  1939                           	callstack 0
  1940   0006AA                     ___awdiv:
  1941                           	callstack 28
  1942   0006AA  6A06               	clrf	___awdiv@sign^0,c
  1943   0006AC  BE04               	btfsc	(___awdiv@divisor+1)^0,7,c
  1944   0006AE  EF5D  F003         	goto	u450
  1945   0006B2  EF5B  F003         	goto	u451
  1946   0006B6                     u451:
  1947   0006B6  EF63  F003         	goto	l1657
  1948   0006BA                     u450:
  1949   0006BA  6C03               	negf	___awdiv@divisor^0,c
  1950   0006BC  1E04               	comf	(___awdiv@divisor+1)^0,f,c
  1951   0006BE  B0D8               	btfsc	status,0,c
  1952   0006C0  2A04               	incf	(___awdiv@divisor+1)^0,f,c
  1953   0006C2  0E01               	movlw	1
  1954   0006C4  6E06               	movwf	___awdiv@sign^0,c
  1955   0006C6                     l1657:
  1956   0006C6  BE02               	btfsc	(___awdiv@dividend+1)^0,7,c
  1957   0006C8  EF6A  F003         	goto	u460
  1958   0006CC  EF68  F003         	goto	u461
  1959   0006D0                     u461:
  1960   0006D0  EF70  F003         	goto	l1663
  1961   0006D4                     u460:
  1962   0006D4  6C01               	negf	___awdiv@dividend^0,c
  1963   0006D6  1E02               	comf	(___awdiv@dividend+1)^0,f,c
  1964   0006D8  B0D8               	btfsc	status,0,c
  1965   0006DA  2A02               	incf	(___awdiv@dividend+1)^0,f,c
  1966   0006DC  0E01               	movlw	1
  1967   0006DE  1A06               	xorwf	___awdiv@sign^0,f,c
  1968   0006E0                     l1663:
  1969   0006E0  6A08               	clrf	(___awdiv@quotient+1)^0,c
  1970   0006E2  0E00               	movlw	0
  1971   0006E4  6E07               	movwf	___awdiv@quotient^0,c
  1972   0006E6  5003               	movf	___awdiv@divisor^0,w,c
  1973   0006E8  1004               	iorwf	(___awdiv@divisor+1)^0,w,c
  1974   0006EA  B4D8               	btfsc	status,2,c
  1975   0006EC  EF7A  F003         	goto	u471
  1976   0006F0  EF7C  F003         	goto	u470
  1977   0006F4                     u471:
  1978   0006F4  EFA4  F003         	goto	l1685
  1979   0006F8                     u470:
  1980   0006F8  0E01               	movlw	1
  1981   0006FA  6E05               	movwf	___awdiv@counter^0,c
  1982   0006FC  EF84  F003         	goto	l1671
  1983   000700                     l1669:
  1984   000700  90D8               	bcf	status,0,c
  1985   000702  3603               	rlcf	___awdiv@divisor^0,f,c
  1986   000704  3604               	rlcf	(___awdiv@divisor+1)^0,f,c
  1987   000706  2A05               	incf	___awdiv@counter^0,f,c
  1988   000708                     l1671:
  1989   000708  AE04               	btfss	(___awdiv@divisor+1)^0,7,c
  1990   00070A  EF89  F003         	goto	u481
  1991   00070E  EF8B  F003         	goto	u480
  1992   000712                     u481:
  1993   000712  EF80  F003         	goto	l1669
  1994   000716                     u480:
  1995   000716                     l1673:
  1996   000716  90D8               	bcf	status,0,c
  1997   000718  3607               	rlcf	___awdiv@quotient^0,f,c
  1998   00071A  3608               	rlcf	(___awdiv@quotient+1)^0,f,c
  1999   00071C  5003               	movf	___awdiv@divisor^0,w,c
  2000   00071E  5C01               	subwf	___awdiv@dividend^0,w,c
  2001   000720  5004               	movf	(___awdiv@divisor+1)^0,w,c
  2002   000722  5802               	subwfb	(___awdiv@dividend+1)^0,w,c
  2003   000724  A0D8               	btfss	status,0,c
  2004   000726  EF97  F003         	goto	u491
  2005   00072A  EF99  F003         	goto	u490
  2006   00072E                     u491:
  2007   00072E  EF9E  F003         	goto	l1681
  2008   000732                     u490:
  2009   000732  5003               	movf	___awdiv@divisor^0,w,c
  2010   000734  5E01               	subwf	___awdiv@dividend^0,f,c
  2011   000736  5004               	movf	(___awdiv@divisor+1)^0,w,c
  2012   000738  5A02               	subwfb	(___awdiv@dividend+1)^0,f,c
  2013   00073A  8007               	bsf	___awdiv@quotient^0,0,c
  2014   00073C                     l1681:
  2015   00073C  90D8               	bcf	status,0,c
  2016   00073E  3204               	rrcf	(___awdiv@divisor+1)^0,f,c
  2017   000740  3203               	rrcf	___awdiv@divisor^0,f,c
  2018   000742  2E05               	decfsz	___awdiv@counter^0,f,c
  2019   000744  EF8B  F003         	goto	l1673
  2020   000748                     l1685:
  2021   000748  5006               	movf	___awdiv@sign^0,w,c
  2022   00074A  B4D8               	btfsc	status,2,c
  2023   00074C  EFAA  F003         	goto	u501
  2024   000750  EFAC  F003         	goto	u500
  2025   000754                     u501:
  2026   000754  EFB0  F003         	goto	l1689
  2027   000758                     u500:
  2028   000758  6C07               	negf	___awdiv@quotient^0,c
  2029   00075A  1E08               	comf	(___awdiv@quotient+1)^0,f,c
  2030   00075C  B0D8               	btfsc	status,0,c
  2031   00075E  2A08               	incf	(___awdiv@quotient+1)^0,f,c
  2032   000760                     l1689:
  2033   000760  C007  F001         	movff	___awdiv@quotient,?___awdiv
  2034   000764  C008  F002         	movff	___awdiv@quotient+1,?___awdiv+1
  2035   000768  0012               	return		;funcret
  2036   00076A                     __end_of___awdiv:
  2037                           	callstack 0
  2038                           
  2039 ;; *************** function _RightDistanceSensor *****************
  2040 ;; Defined at:
  2041 ;;		line 48 in file "Main.c"
  2042 ;; Parameters:    Size  Location     Type
  2043 ;;		None
  2044 ;; Auto vars:     Size  Location     Type
  2045 ;;  rightSensorV    2    4[COMRAM] int 
  2046 ;; Return value:  Size  Location     Type
  2047 ;;                  2    0[COMRAM] int 
  2048 ;; Registers used:
  2049 ;;		wreg, status,2, status,0
  2050 ;; Tracked objects:
  2051 ;;		On entry : 0/0
  2052 ;;		On exit  : 0/0
  2053 ;;		Unchanged: 0/0
  2054 ;; Data sizes:     COMRAM   BANK0   BANK1
  2055 ;;      Params:         2       0       0
  2056 ;;      Locals:         2       0       0
  2057 ;;      Temps:          2       0       0
  2058 ;;      Totals:         6       0       0
  2059 ;;Total ram usage:        6 bytes
  2060 ;; Hardware stack levels used: 1
  2061 ;; This function calls:
  2062 ;;		Nothing
  2063 ;; This function is called by:
  2064 ;;		_MovementSystem
  2065 ;; This function uses a non-reentrant model
  2066 ;;
  2067                           
  2068                           	psect	text13
  2069   000B1A                     __ptext13:
  2070                           	callstack 0
  2071   000B1A                     _RightDistanceSensor:
  2072                           	callstack 29
  2073   000B1A                     
  2074                           ;Main.c: 50:     ADCON0 = 0b0000111;
  2075   000B1A  0E07               	movlw	7
  2076   000B1C  6EC2               	movwf	194,c	;volatile
  2077   000B1E                     l1701:
  2078                           
  2079                           ;Main.c: 53:         rightSensorValue = (ADRESH<<8)+ADRESL;
  2080   000B1E  50C4               	movf	196,w,c	;volatile
  2081   000B20  6E04               	movwf	(??_RightDistanceSensor+1)^0,c
  2082   000B22  6A03               	clrf	??_RightDistanceSensor^0,c
  2083   000B24  50C3               	movf	195,w,c	;volatile
  2084   000B26  2403               	addwf	??_RightDistanceSensor^0,w,c
  2085   000B28  6E05               	movwf	RightDistanceSensor@rightSensorValue^0,c
  2086   000B2A  0E00               	movlw	0
  2087   000B2C  2004               	addwfc	(??_RightDistanceSensor+1)^0,w,c
  2088   000B2E  6E06               	movwf	(RightDistanceSensor@rightSensorValue+1)^0,c
  2089   000B30                     
  2090                           ;Main.c: 54:     } while(ADCON0bits.GO);
  2091   000B30  B2C2               	btfsc	194,1,c	;volatile
  2092   000B32  EF9D  F005         	goto	u521
  2093   000B36  EF9F  F005         	goto	u520
  2094   000B3A                     u521:
  2095   000B3A  EF8F  F005         	goto	l1701
  2096   000B3E                     u520:
  2097   000B3E                     
  2098                           ;Main.c: 55:     return rightSensorValue;
  2099   000B3E  C005  F001         	movff	RightDistanceSensor@rightSensorValue,?_RightDistanceSensor
  2100   000B42  C006  F002         	movff	RightDistanceSensor@rightSensorValue+1,?_RightDistanceSensor+1
  2101   000B46  0012               	return		;funcret
  2102   000B48                     __end_of_RightDistanceSensor:
  2103                           	callstack 0
  2104                           
  2105 ;; *************** function _LeftDistanceSensor *****************
  2106 ;; Defined at:
  2107 ;;		line 39 in file "Main.c"
  2108 ;; Parameters:    Size  Location     Type
  2109 ;;		None
  2110 ;; Auto vars:     Size  Location     Type
  2111 ;;  leftSensorVa    2    4[COMRAM] int 
  2112 ;; Return value:  Size  Location     Type
  2113 ;;                  2    0[COMRAM] int 
  2114 ;; Registers used:
  2115 ;;		wreg, status,2, status,0
  2116 ;; Tracked objects:
  2117 ;;		On entry : 0/0
  2118 ;;		On exit  : 0/0
  2119 ;;		Unchanged: 0/0
  2120 ;; Data sizes:     COMRAM   BANK0   BANK1
  2121 ;;      Params:         2       0       0
  2122 ;;      Locals:         2       0       0
  2123 ;;      Temps:          2       0       0
  2124 ;;      Totals:         6       0       0
  2125 ;;Total ram usage:        6 bytes
  2126 ;; Hardware stack levels used: 1
  2127 ;; This function calls:
  2128 ;;		Nothing
  2129 ;; This function is called by:
  2130 ;;		_MovementSystem
  2131 ;; This function uses a non-reentrant model
  2132 ;;
  2133                           
  2134                           	psect	text14
  2135   000B48                     __ptext14:
  2136                           	callstack 0
  2137   000B48                     _LeftDistanceSensor:
  2138                           	callstack 29
  2139   000B48                     
  2140                           ;Main.c: 41:     ADCON0 = 0b0000011;
  2141   000B48  0E03               	movlw	3
  2142   000B4A  6EC2               	movwf	194,c	;volatile
  2143   000B4C                     l1695:
  2144                           
  2145                           ;Main.c: 44:         leftSensorValue = (ADRESH<<8)+ADRESL;
  2146   000B4C  50C4               	movf	196,w,c	;volatile
  2147   000B4E  6E04               	movwf	(??_LeftDistanceSensor+1)^0,c
  2148   000B50  6A03               	clrf	??_LeftDistanceSensor^0,c
  2149   000B52  50C3               	movf	195,w,c	;volatile
  2150   000B54  2403               	addwf	??_LeftDistanceSensor^0,w,c
  2151   000B56  6E05               	movwf	LeftDistanceSensor@leftSensorValue^0,c
  2152   000B58  0E00               	movlw	0
  2153   000B5A  2004               	addwfc	(??_LeftDistanceSensor+1)^0,w,c
  2154   000B5C  6E06               	movwf	(LeftDistanceSensor@leftSensorValue+1)^0,c
  2155   000B5E                     
  2156                           ;Main.c: 45:     } while(ADCON0bits.GO);
  2157   000B5E  B2C2               	btfsc	194,1,c	;volatile
  2158   000B60  EFB4  F005         	goto	u511
  2159   000B64  EFB6  F005         	goto	u510
  2160   000B68                     u511:
  2161   000B68  EFA6  F005         	goto	l1695
  2162   000B6C                     u510:
  2163   000B6C                     
  2164                           ;Main.c: 46:     return leftSensorValue;
  2165   000B6C  C005  F001         	movff	LeftDistanceSensor@leftSensorValue,?_LeftDistanceSensor
  2166   000B70  C006  F002         	movff	LeftDistanceSensor@leftSensorValue+1,?_LeftDistanceSensor+1
  2167   000B74  0012               	return		;funcret
  2168   000B76                     __end_of_LeftDistanceSensor:
  2169                           	callstack 0
  2170                           
  2171 ;; *************** function _FollowLine *****************
  2172 ;; Defined at:
  2173 ;;		line 295 in file "Main.c"
  2174 ;; Parameters:    Size  Location     Type
  2175 ;;		None
  2176 ;; Auto vars:     Size  Location     Type
  2177 ;;  theta           2    9[COMRAM] int 
  2178 ;;  e               2    7[COMRAM] int 
  2179 ;; Return value:  Size  Location     Type
  2180 ;;                  2    3[COMRAM] int 
  2181 ;; Registers used:
  2182 ;;		wreg, status,2, status,0, prodl, prodh, cstack
  2183 ;; Tracked objects:
  2184 ;;		On entry : 0/0
  2185 ;;		On exit  : 0/0
  2186 ;;		Unchanged: 0/0
  2187 ;; Data sizes:     COMRAM   BANK0   BANK1
  2188 ;;      Params:         2       0       0
  2189 ;;      Locals:         4       0       0
  2190 ;;      Temps:          2       0       0
  2191 ;;      Totals:         8       0       0
  2192 ;;Total ram usage:        8 bytes
  2193 ;; Hardware stack levels used: 1
  2194 ;; Hardware stack levels required when called: 1
  2195 ;; This function calls:
  2196 ;;		_LookUpRobotLineOffset
  2197 ;; This function is called by:
  2198 ;;		_MovementSystem
  2199 ;; This function uses a non-reentrant model
  2200 ;;
  2201                           
  2202                           	psect	text15
  2203   00076A                     __ptext15:
  2204                           	callstack 0
  2205   00076A                     _FollowLine:
  2206                           	callstack 28
  2207   00076A                     
  2208                           ;Main.c: 297:     int theta = LookUpRobotLineOffset();
  2209   00076A  EC01  F001         	call	_LookUpRobotLineOffset	;wreg free
  2210   00076E  C001  F00A         	movff	?_LookUpRobotLineOffset,FollowLine@theta
  2211   000772  C002  F00B         	movff	?_LookUpRobotLineOffset+1,FollowLine@theta+1
  2212   000776                     
  2213                           ;Main.c: 299:     if(theta == 999){
  2214   000776  0EE7               	movlw	231
  2215   000778  180A               	xorwf	FollowLine@theta^0,w,c
  2216   00077A  E107               	bnz	u601
  2217   00077C  0E03               	movlw	3
  2218   00077E  180B               	xorwf	(FollowLine@theta+1)^0,w,c
  2219   000780  A4D8               	btfss	status,2,c
  2220   000782  EFC5  F003         	goto	u601
  2221   000786  EFC7  F003         	goto	u600
  2222   00078A                     u601:
  2223   00078A  EFCD  F003         	goto	l1769
  2224   00078E                     u600:
  2225   00078E                     
  2226                           ;Main.c: 300:         return 999;
  2227   00078E  0E03               	movlw	3
  2228   000790  6E05               	movwf	(?_FollowLine+1)^0,c
  2229   000792  0EE7               	movlw	231
  2230   000794  6E04               	movwf	?_FollowLine^0,c
  2231   000796  EFF7  F003         	goto	l277
  2232   00079A                     l1769:
  2233                           
  2234                           ;Main.c: 302:     if(theta == -111){
  2235   00079A  0E91               	movlw	145
  2236   00079C  180A               	xorwf	FollowLine@theta^0,w,c
  2237   00079E  E106               	bnz	u611
  2238   0007A0  280B               	incf	(FollowLine@theta+1)^0,w,c
  2239   0007A2  A4D8               	btfss	status,2,c
  2240   0007A4  EFD6  F003         	goto	u611
  2241   0007A8  EFD8  F003         	goto	u610
  2242   0007AC                     u611:
  2243   0007AC  EFDE  F003         	goto	l278
  2244   0007B0                     u610:
  2245   0007B0                     
  2246                           ;Main.c: 303:         return -111;
  2247   0007B0  0EFF               	movlw	255
  2248   0007B2  6E05               	movwf	(?_FollowLine+1)^0,c
  2249   0007B4  0E91               	movlw	145
  2250   0007B6  6E04               	movwf	?_FollowLine^0,c
  2251   0007B8  EFF7  F003         	goto	l277
  2252   0007BC                     l278:
  2253                           
  2254                           ;Main.c: 306:     int e = -theta;
  2255   0007BC  C00A  F006         	movff	FollowLine@theta,??_FollowLine
  2256   0007C0  C00B  F007         	movff	FollowLine@theta+1,??_FollowLine+1
  2257   0007C4  1E06               	comf	??_FollowLine^0,f,c
  2258   0007C6  1E07               	comf	(??_FollowLine+1)^0,f,c
  2259   0007C8  4A06               	infsnz	??_FollowLine^0,f,c
  2260   0007CA  2A07               	incf	(??_FollowLine+1)^0,f,c
  2261   0007CC  C006  F008         	movff	??_FollowLine,FollowLine@e
  2262   0007D0  C007  F009         	movff	??_FollowLine+1,FollowLine@e+1
  2263   0007D4                     
  2264                           ;Main.c: 307:     return 30 * e * 1;
  2265   0007D4  0E1E               	movlw	30
  2266   0007D6  0208               	mulwf	FollowLine@e^0,c
  2267   0007D8  CFF3 F006          	movff	prodl,??_FollowLine
  2268   0007DC  CFF4 F007          	movff	prodh,??_FollowLine+1
  2269   0007E0  0209               	mulwf	(FollowLine@e+1)^0,c
  2270   0007E2  50F3               	movf	prodl,w,c
  2271   0007E4  2607               	addwf	(??_FollowLine+1)^0,f,c
  2272   0007E6  C006  F004         	movff	??_FollowLine,?_FollowLine
  2273   0007EA  C007  F005         	movff	??_FollowLine+1,?_FollowLine+1
  2274   0007EE                     l277:
  2275   0007EE  0012               	return		;funcret
  2276   0007F0                     __end_of_FollowLine:
  2277                           	callstack 0
  2278                           
  2279 ;; *************** function _LookUpRobotLineOffset *****************
  2280 ;; Defined at:
  2281 ;;		line 311 in file "Main.c"
  2282 ;; Parameters:    Size  Location     Type
  2283 ;;		None
  2284 ;; Auto vars:     Size  Location     Type
  2285 ;;  inverted        1    2[COMRAM] unsigned char 
  2286 ;; Return value:  Size  Location     Type
  2287 ;;                  2    0[COMRAM] int 
  2288 ;; Registers used:
  2289 ;;		wreg, status,2, status,0
  2290 ;; Tracked objects:
  2291 ;;		On entry : 0/0
  2292 ;;		On exit  : 0/0
  2293 ;;		Unchanged: 0/0
  2294 ;; Data sizes:     COMRAM   BANK0   BANK1
  2295 ;;      Params:         2       0       0
  2296 ;;      Locals:         1       0       0
  2297 ;;      Temps:          0       0       0
  2298 ;;      Totals:         3       0       0
  2299 ;;Total ram usage:        3 bytes
  2300 ;; Hardware stack levels used: 1
  2301 ;; This function calls:
  2302 ;;		Nothing
  2303 ;; This function is called by:
  2304 ;;		_FollowLine
  2305 ;; This function uses a non-reentrant model
  2306 ;;
  2307                           
  2308                           	psect	text16
  2309   000202                     __ptext16:
  2310                           	callstack 0
  2311   000202                     _LookUpRobotLineOffset:
  2312                           	callstack 28
  2313   000202                     
  2314                           ;Main.c: 312:     unsigned char inverted = (~linesensor) & 0xFF;
  2315   000202  5030               	movf	_linesensor^0,w,c
  2316   000204  0AFF               	xorlw	255
  2317   000206  6E03               	movwf	LookUpRobotLineOffset@inverted^0,c
  2318                           
  2319                           ;Main.c: 314:     switch(inverted){
  2320   000208  EF6A  F001         	goto	l1647
  2321   00020C                     l1573:
  2322   00020C  0EFF               	movlw	255
  2323   00020E  6E02               	movwf	(?_LookUpRobotLineOffset+1)^0,c
  2324   000210  0EF4               	movlw	244
  2325   000212  6E01               	movwf	?_LookUpRobotLineOffset^0,c
  2326   000214  EFB1  F001         	goto	l283
  2327   000218                     l1577:
  2328   000218  0EFF               	movlw	255
  2329   00021A  6E02               	movwf	(?_LookUpRobotLineOffset+1)^0,c
  2330   00021C  0EF6               	movlw	246
  2331   00021E  6E01               	movwf	?_LookUpRobotLineOffset^0,c
  2332   000220  EFB1  F001         	goto	l283
  2333   000224                     l1581:
  2334   000224  0EFF               	movlw	255
  2335   000226  6E02               	movwf	(?_LookUpRobotLineOffset+1)^0,c
  2336   000228  0EF7               	movlw	247
  2337   00022A  6E01               	movwf	?_LookUpRobotLineOffset^0,c
  2338   00022C  EFB1  F001         	goto	l283
  2339   000230                     l1585:
  2340   000230  0EFF               	movlw	255
  2341   000232  6E02               	movwf	(?_LookUpRobotLineOffset+1)^0,c
  2342   000234  0EF9               	movlw	249
  2343   000236  6E01               	movwf	?_LookUpRobotLineOffset^0,c
  2344   000238  EFB1  F001         	goto	l283
  2345   00023C                     l1589:
  2346   00023C  0EFF               	movlw	255
  2347   00023E  6E02               	movwf	(?_LookUpRobotLineOffset+1)^0,c
  2348   000240  0EFB               	movlw	251
  2349   000242  6E01               	movwf	?_LookUpRobotLineOffset^0,c
  2350   000244  EFB1  F001         	goto	l283
  2351   000248                     l1593:
  2352   000248  0EFF               	movlw	255
  2353   00024A  6E02               	movwf	(?_LookUpRobotLineOffset+1)^0,c
  2354   00024C  0EFD               	movlw	253
  2355   00024E  6E01               	movwf	?_LookUpRobotLineOffset^0,c
  2356   000250  EFB1  F001         	goto	l283
  2357   000254                     l1597:
  2358   000254  0EFF               	movlw	255
  2359   000256  6E02               	movwf	(?_LookUpRobotLineOffset+1)^0,c
  2360   000258  0EFE               	movlw	254
  2361   00025A  6E01               	movwf	?_LookUpRobotLineOffset^0,c
  2362   00025C  EFB1  F001         	goto	l283
  2363   000260                     l1601:
  2364   000260  6A02               	clrf	(?_LookUpRobotLineOffset+1)^0,c
  2365   000262  0E00               	movlw	0
  2366   000264  6E01               	movwf	?_LookUpRobotLineOffset^0,c
  2367   000266  EFB1  F001         	goto	l283
  2368   00026A                     l1605:
  2369   00026A  6A02               	clrf	(?_LookUpRobotLineOffset+1)^0,c
  2370   00026C  0E02               	movlw	2
  2371   00026E  6E01               	movwf	?_LookUpRobotLineOffset^0,c
  2372   000270  EFB1  F001         	goto	l283
  2373   000274                     l1609:
  2374   000274  6A02               	clrf	(?_LookUpRobotLineOffset+1)^0,c
  2375   000276  0E03               	movlw	3
  2376   000278  6E01               	movwf	?_LookUpRobotLineOffset^0,c
  2377   00027A  EFB1  F001         	goto	l283
  2378   00027E                     l1613:
  2379   00027E  6A02               	clrf	(?_LookUpRobotLineOffset+1)^0,c
  2380   000280  0E05               	movlw	5
  2381   000282  6E01               	movwf	?_LookUpRobotLineOffset^0,c
  2382   000284  EFB1  F001         	goto	l283
  2383   000288                     l1617:
  2384   000288  6A02               	clrf	(?_LookUpRobotLineOffset+1)^0,c
  2385   00028A  0E07               	movlw	7
  2386   00028C  6E01               	movwf	?_LookUpRobotLineOffset^0,c
  2387   00028E  EFB1  F001         	goto	l283
  2388   000292                     l1621:
  2389   000292  6A02               	clrf	(?_LookUpRobotLineOffset+1)^0,c
  2390   000294  0E09               	movlw	9
  2391   000296  6E01               	movwf	?_LookUpRobotLineOffset^0,c
  2392   000298  EFB1  F001         	goto	l283
  2393   00029C                     l1625:
  2394   00029C  6A02               	clrf	(?_LookUpRobotLineOffset+1)^0,c
  2395   00029E  0E0A               	movlw	10
  2396   0002A0  6E01               	movwf	?_LookUpRobotLineOffset^0,c
  2397   0002A2  EFB1  F001         	goto	l283
  2398   0002A6                     l1629:
  2399   0002A6  6A02               	clrf	(?_LookUpRobotLineOffset+1)^0,c
  2400   0002A8  0E0C               	movlw	12
  2401   0002AA  6E01               	movwf	?_LookUpRobotLineOffset^0,c
  2402   0002AC  EFB1  F001         	goto	l283
  2403   0002B0                     l1633:
  2404   0002B0  0EFF               	movlw	255
  2405   0002B2  6E02               	movwf	(?_LookUpRobotLineOffset+1)^0,c
  2406   0002B4  0E91               	movlw	145
  2407   0002B6  6E01               	movwf	?_LookUpRobotLineOffset^0,c
  2408   0002B8  EFB1  F001         	goto	l283
  2409   0002BC                     l1637:
  2410   0002BC  0EFE               	movlw	254
  2411   0002BE  6E02               	movwf	(?_LookUpRobotLineOffset+1)^0,c
  2412   0002C0  0EB3               	movlw	179
  2413   0002C2  6E01               	movwf	?_LookUpRobotLineOffset^0,c
  2414   0002C4  EFB1  F001         	goto	l283
  2415   0002C8                     l1641:
  2416   0002C8  0E03               	movlw	3
  2417   0002CA  6E02               	movwf	(?_LookUpRobotLineOffset+1)^0,c
  2418   0002CC  0EE7               	movlw	231
  2419   0002CE  6E01               	movwf	?_LookUpRobotLineOffset^0,c
  2420   0002D0  EFB1  F001         	goto	l283
  2421   0002D4                     l1647:
  2422   0002D4  5003               	movf	LookUpRobotLineOffset@inverted^0,w,c
  2423                           
  2424                           ; Switch size 1, requested type "simple"
  2425                           ; Number of cases is 17, Range of values is 0 to 255
  2426                           ; switch strategies available:
  2427                           ; Name         Instructions Cycles
  2428                           ; simple_byte           52    27 (average)
  2429                           ;	Chosen strategy is simple_byte
  2430   0002D6  0A00               	xorlw	0	; case 0
  2431   0002D8  B4D8               	btfsc	status,2,c
  2432   0002DA  EF5E  F001         	goto	l1637
  2433   0002DE  0A01               	xorlw	1	; case 1
  2434   0002E0  B4D8               	btfsc	status,2,c
  2435   0002E2  EF53  F001         	goto	l1629
  2436   0002E6  0A03               	xorlw	3	; case 2
  2437   0002E8  B4D8               	btfsc	status,2,c
  2438   0002EA  EF49  F001         	goto	l1621
  2439   0002EE  0A01               	xorlw	1	; case 3
  2440   0002F0  B4D8               	btfsc	status,2,c
  2441   0002F2  EF4E  F001         	goto	l1625
  2442   0002F6  0A07               	xorlw	7	; case 4
  2443   0002F8  B4D8               	btfsc	status,2,c
  2444   0002FA  EF3F  F001         	goto	l1613
  2445   0002FE  0A02               	xorlw	2	; case 6
  2446   000300  B4D8               	btfsc	status,2,c
  2447   000302  EF44  F001         	goto	l1617
  2448   000306  0A0E               	xorlw	14	; case 8
  2449   000308  B4D8               	btfsc	status,2,c
  2450   00030A  EF35  F001         	goto	l1605
  2451   00030E  0A04               	xorlw	4	; case 12
  2452   000310  B4D8               	btfsc	status,2,c
  2453   000312  EF3A  F001         	goto	l1609
  2454   000316  0A1C               	xorlw	28	; case 16
  2455   000318  B4D8               	btfsc	status,2,c
  2456   00031A  EF2A  F001         	goto	l1597
  2457   00031E  0A08               	xorlw	8	; case 24
  2458   000320  B4D8               	btfsc	status,2,c
  2459   000322  EF30  F001         	goto	l1601
  2460   000326  0A38               	xorlw	56	; case 32
  2461   000328  B4D8               	btfsc	status,2,c
  2462   00032A  EF1E  F001         	goto	l1589
  2463   00032E  0A10               	xorlw	16	; case 48
  2464   000330  B4D8               	btfsc	status,2,c
  2465   000332  EF24  F001         	goto	l1593
  2466   000336  0A70               	xorlw	112	; case 64
  2467   000338  B4D8               	btfsc	status,2,c
  2468   00033A  EF12  F001         	goto	l1581
  2469   00033E  0A20               	xorlw	32	; case 96
  2470   000340  B4D8               	btfsc	status,2,c
  2471   000342  EF18  F001         	goto	l1585
  2472   000346  0AE0               	xorlw	224	; case 128
  2473   000348  B4D8               	btfsc	status,2,c
  2474   00034A  EF06  F001         	goto	l1573
  2475   00034E  0A40               	xorlw	64	; case 192
  2476   000350  B4D8               	btfsc	status,2,c
  2477   000352  EF0C  F001         	goto	l1577
  2478   000356  0A3F               	xorlw	63	; case 255
  2479   000358  B4D8               	btfsc	status,2,c
  2480   00035A  EF58  F001         	goto	l1633
  2481   00035E  EF64  F001         	goto	l1641
  2482   000362                     l283:
  2483   000362  0012               	return		;funcret
  2484   000364                     __end_of_LookUpRobotLineOffset:
  2485                           	callstack 0
  2486                           
  2487 ;; *************** function _I2C_INIT *****************
  2488 ;; Defined at:
  2489 ;;		line 42 in file "I2C7.c"
  2490 ;; Parameters:    Size  Location     Type
  2491 ;;		None
  2492 ;; Auto vars:     Size  Location     Type
  2493 ;;		None
  2494 ;; Return value:  Size  Location     Type
  2495 ;;                  1    wreg      void 
  2496 ;; Registers used:
  2497 ;;		wreg, status,2, cstack
  2498 ;; Tracked objects:
  2499 ;;		On entry : 0/0
  2500 ;;		On exit  : 0/0
  2501 ;;		Unchanged: 0/0
  2502 ;; Data sizes:     COMRAM   BANK0   BANK1
  2503 ;;      Params:         0       0       0
  2504 ;;      Locals:         0       0       0
  2505 ;;      Temps:          0       0       0
  2506 ;;      Totals:         0       0       0
  2507 ;;Total ram usage:        0 bytes
  2508 ;; Hardware stack levels used: 1
  2509 ;; Hardware stack levels required when called: 1
  2510 ;; This function calls:
  2511 ;;		_I2C_Initialise
  2512 ;; This function is called by:
  2513 ;;		_main
  2514 ;; This function uses a non-reentrant model
  2515 ;;
  2516                           
  2517                           	psect	text17
  2518   000C2E                     __ptext17:
  2519                           	callstack 0
  2520   000C2E                     _I2C_INIT:
  2521                           	callstack 29
  2522   000C2E  6894               	setf	148,c	;volatile
  2523   000C30  6A93               	clrf	147,c	;volatile
  2524   000C32  6A8A               	clrf	138,c	;volatile
  2525   000C34  EC04  F006         	call	_I2C_Initialise	;wreg free
  2526   000C38  0012               	return		;funcret
  2527   000C3A                     __end_of_I2C_INIT:
  2528                           	callstack 0
  2529                           
  2530 ;; *************** function _I2C_Initialise *****************
  2531 ;; Defined at:
  2532 ;;		line 89 in file "I2C7.c"
  2533 ;; Parameters:    Size  Location     Type
  2534 ;;		None
  2535 ;; Auto vars:     Size  Location     Type
  2536 ;;		None
  2537 ;; Return value:  Size  Location     Type
  2538 ;;                  1    wreg      void 
  2539 ;; Registers used:
  2540 ;;		wreg, status,2
  2541 ;; Tracked objects:
  2542 ;;		On entry : 0/0
  2543 ;;		On exit  : 0/0
  2544 ;;		Unchanged: 0/0
  2545 ;; Data sizes:     COMRAM   BANK0   BANK1
  2546 ;;      Params:         0       0       0
  2547 ;;      Locals:         0       0       0
  2548 ;;      Temps:          0       0       0
  2549 ;;      Totals:         0       0       0
  2550 ;;Total ram usage:        0 bytes
  2551 ;; Hardware stack levels used: 1
  2552 ;; This function calls:
  2553 ;;		Nothing
  2554 ;; This function is called by:
  2555 ;;		_I2C_INIT
  2556 ;; This function uses a non-reentrant model
  2557 ;;
  2558                           
  2559                           	psect	text18
  2560   000C08                     __ptext18:
  2561                           	callstack 0
  2562   000C08                     _I2C_Initialise:
  2563                           	callstack 29
  2564   000C08                     
  2565                           ;I2C7.c: 91:   SSPCON1 = 0b00101000;
  2566   000C08  0E28               	movlw	40
  2567   000C0A  6EC6               	movwf	198,c	;volatile
  2568   000C0C                     
  2569                           ;I2C7.c: 92:   SSPCON2 = 0;
  2570   000C0C  6AC5               	clrf	197,c	;volatile
  2571                           
  2572                           ;I2C7.c: 93:   SSPADD = 0x63;
  2573   000C0E  0E63               	movlw	99
  2574   000C10  6EC8               	movwf	200,c	;volatile
  2575   000C12                     
  2576                           ;I2C7.c: 94:   SSPSTAT = 0;
  2577   000C12  6AC7               	clrf	199,c	;volatile
  2578   000C14  0012               	return		;funcret
  2579   000C16                     __end_of_I2C_Initialise:
  2580                           	callstack 0
  2581                           
  2582 ;; *************** function _FlashLEDs *****************
  2583 ;; Defined at:
  2584 ;;		line 121 in file "Main.c"
  2585 ;; Parameters:    Size  Location     Type
  2586 ;;  Flashes         2    6[COMRAM] unsigned int 
  2587 ;; Auto vars:     Size  Location     Type
  2588 ;;  i               2    8[COMRAM] unsigned int 
  2589 ;; Return value:  Size  Location     Type
  2590 ;;                  1    wreg      void 
  2591 ;; Registers used:
  2592 ;;		wreg, status,2, status,0, prodl, prodh, cstack
  2593 ;; Tracked objects:
  2594 ;;		On entry : 0/0
  2595 ;;		On exit  : 0/0
  2596 ;;		Unchanged: 0/0
  2597 ;; Data sizes:     COMRAM   BANK0   BANK1
  2598 ;;      Params:         2       0       0
  2599 ;;      Locals:         2       0       0
  2600 ;;      Temps:          0       0       0
  2601 ;;      Totals:         4       0       0
  2602 ;;Total ram usage:        4 bytes
  2603 ;; Hardware stack levels used: 1
  2604 ;; Hardware stack levels required when called: 1
  2605 ;; This function calls:
  2606 ;;		_SetUpLEDs
  2607 ;;		_WaitFor
  2608 ;; This function is called by:
  2609 ;;		_main
  2610 ;; This function uses a non-reentrant model
  2611 ;;
  2612                           
  2613                           	psect	text19
  2614   0009CA                     __ptext19:
  2615                           	callstack 0
  2616   0009CA                     _FlashLEDs:
  2617                           	callstack 29
  2618   0009CA                     
  2619                           ;Main.c: 122:     SetUpLEDs();
  2620   0009CA  EC1D  F006         	call	_SetUpLEDs	;wreg free
  2621   0009CE                     
  2622                           ;Main.c: 123:     for(unsigned int i = 0; i < Flashes; i++){
  2623   0009CE  6A0A               	clrf	(FlashLEDs@i+1)^0,c
  2624   0009D0  0E00               	movlw	0
  2625   0009D2  6E09               	movwf	FlashLEDs@i^0,c
  2626   0009D4  EF00  F005         	goto	l1805
  2627   0009D8                     l216:
  2628                           
  2629                           ;Main.c: 124:         LATBbits.LB2 = 1;
  2630   0009D8  848A               	bsf	138,2,c	;volatile
  2631                           
  2632                           ;Main.c: 125:         LATBbits.LB3 = 1;
  2633   0009DA  868A               	bsf	138,3,c	;volatile
  2634                           
  2635                           ;Main.c: 126:         LATBbits.LB4 = 1;
  2636   0009DC  888A               	bsf	138,4,c	;volatile
  2637                           
  2638                           ;Main.c: 127:         LATBbits.LB5 = 1;
  2639   0009DE  8A8A               	bsf	138,5,c	;volatile
  2640   0009E0                     
  2641                           ;Main.c: 128:         WaitFor(1);
  2642   0009E0  6A02               	clrf	(WaitFor@TimeSeconds+1)^0,c
  2643   0009E2  0E01               	movlw	1
  2644   0009E4  6E01               	movwf	WaitFor@TimeSeconds^0,c
  2645   0009E6  EC0C  F005         	call	_WaitFor	;wreg free
  2646   0009EA                     
  2647                           ;Main.c: 130:         LATBbits.LB2 = 0;
  2648   0009EA  948A               	bcf	138,2,c	;volatile
  2649   0009EC                     
  2650                           ;Main.c: 131:         LATBbits.LB3 = 0;
  2651   0009EC  968A               	bcf	138,3,c	;volatile
  2652   0009EE                     
  2653                           ;Main.c: 132:         LATBbits.LB4 = 0;
  2654   0009EE  988A               	bcf	138,4,c	;volatile
  2655   0009F0                     
  2656                           ;Main.c: 133:         LATBbits.LB5 = 0;
  2657   0009F0  9A8A               	bcf	138,5,c	;volatile
  2658                           
  2659                           ;Main.c: 134:         WaitFor(1);
  2660   0009F2  6A02               	clrf	(WaitFor@TimeSeconds+1)^0,c
  2661   0009F4  0E01               	movlw	1
  2662   0009F6  6E01               	movwf	WaitFor@TimeSeconds^0,c
  2663   0009F8  EC0C  F005         	call	_WaitFor	;wreg free
  2664   0009FC                     
  2665                           ;Main.c: 135:     }
  2666   0009FC  4A09               	infsnz	FlashLEDs@i^0,f,c
  2667   0009FE  2A0A               	incf	(FlashLEDs@i+1)^0,f,c
  2668   000A00                     l1805:
  2669   000A00  5007               	movf	FlashLEDs@Flashes^0,w,c
  2670   000A02  5C09               	subwf	FlashLEDs@i^0,w,c
  2671   000A04  5008               	movf	(FlashLEDs@Flashes+1)^0,w,c
  2672   000A06  580A               	subwfb	(FlashLEDs@i+1)^0,w,c
  2673   000A08  A0D8               	btfss	status,0,c
  2674   000A0A  EF09  F005         	goto	u621
  2675   000A0E  EF0B  F005         	goto	u620
  2676   000A12                     u621:
  2677   000A12  EFEC  F004         	goto	l216
  2678   000A16                     u620:
  2679   000A16  0012               	return		;funcret
  2680   000A18                     __end_of_FlashLEDs:
  2681                           	callstack 0
  2682                           
  2683 ;; *************** function _SetUpLEDs *****************
  2684 ;; Defined at:
  2685 ;;		line 112 in file "Main.c"
  2686 ;; Parameters:    Size  Location     Type
  2687 ;;		None
  2688 ;; Auto vars:     Size  Location     Type
  2689 ;;		None
  2690 ;; Return value:  Size  Location     Type
  2691 ;;                  1    wreg      void 
  2692 ;; Registers used:
  2693 ;;		None
  2694 ;; Tracked objects:
  2695 ;;		On entry : 0/0
  2696 ;;		On exit  : 0/0
  2697 ;;		Unchanged: 0/0
  2698 ;; Data sizes:     COMRAM   BANK0   BANK1
  2699 ;;      Params:         0       0       0
  2700 ;;      Locals:         0       0       0
  2701 ;;      Temps:          0       0       0
  2702 ;;      Totals:         0       0       0
  2703 ;;Total ram usage:        0 bytes
  2704 ;; Hardware stack levels used: 1
  2705 ;; This function calls:
  2706 ;;		Nothing
  2707 ;; This function is called by:
  2708 ;;		_FlashLEDs
  2709 ;;		_main
  2710 ;; This function uses a non-reentrant model
  2711 ;;
  2712                           
  2713                           	psect	text20
  2714   000C3A                     __ptext20:
  2715                           	callstack 0
  2716   000C3A                     _SetUpLEDs:
  2717                           	callstack 29
  2718   000C3A                     
  2719                           ;Main.c: 113:     TRISBbits.TRISB2 = 0;
  2720   000C3A  9493               	bcf	147,2,c	;volatile
  2721                           
  2722                           ;Main.c: 114:     TRISBbits.TRISB3 = 0;
  2723   000C3C  9693               	bcf	147,3,c	;volatile
  2724                           
  2725                           ;Main.c: 115:     TRISBbits.TRISB4 = 0;
  2726   000C3E  9893               	bcf	147,4,c	;volatile
  2727                           
  2728                           ;Main.c: 116:     TRISBbits.TRISB5 = 0;
  2729   000C40  9A93               	bcf	147,5,c	;volatile
  2730   000C42  0012               	return		;funcret
  2731   000C44                     __end_of_SetUpLEDs:
  2732                           	callstack 0
  2733                           
  2734 ;; *************** function _ChangeLane *****************
  2735 ;; Defined at:
  2736 ;;		line 69 in file "Main.c"
  2737 ;; Parameters:    Size  Location     Type
  2738 ;;		None
  2739 ;; Auto vars:     Size  Location     Type
  2740 ;;		None
  2741 ;; Return value:  Size  Location     Type
  2742 ;;                  1    wreg      void 
  2743 ;; Registers used:
  2744 ;;		wreg, status,2, status,0, prodl, prodh, cstack
  2745 ;; Tracked objects:
  2746 ;;		On entry : 0/0
  2747 ;;		On exit  : 0/0
  2748 ;;		Unchanged: 0/0
  2749 ;; Data sizes:     COMRAM   BANK0   BANK1
  2750 ;;      Params:         0       0       0
  2751 ;;      Locals:         0       0       0
  2752 ;;      Temps:          0       0       0
  2753 ;;      Totals:         0       0       0
  2754 ;;Total ram usage:        0 bytes
  2755 ;; Hardware stack levels used: 1
  2756 ;; Hardware stack levels required when called: 4
  2757 ;; This function calls:
  2758 ;;		_MoveFor
  2759 ;;		_Turn
  2760 ;;		_WaitFor
  2761 ;; This function is called by:
  2762 ;;		_main
  2763 ;; This function uses a non-reentrant model
  2764 ;;
  2765                           
  2766                           	psect	text21
  2767   000AAC                     __ptext21:
  2768                           	callstack 0
  2769   000AAC                     _ChangeLane:
  2770                           	callstack 26
  2771   000AAC                     
  2772                           ;Main.c: 70:     Turn(1);
  2773   000AAC  6A10               	clrf	(Turn@Eighths+1)^0,c
  2774   000AAE  0E01               	movlw	1
  2775   000AB0  6E0F               	movwf	Turn@Eighths^0,c
  2776   000AB2  ECF8  F003         	call	_Turn	;wreg free
  2777                           
  2778                           ;Main.c: 71:     WaitFor(1);
  2779   000AB6  6A02               	clrf	(WaitFor@TimeSeconds+1)^0,c
  2780   000AB8  0E01               	movlw	1
  2781   000ABA  6E01               	movwf	WaitFor@TimeSeconds^0,c
  2782   000ABC  EC0C  F005         	call	_WaitFor	;wreg free
  2783   000AC0                     
  2784                           ;Main.c: 72:     LATBbits.LB2 = 1;
  2785   000AC0  848A               	bsf	138,2,c	;volatile
  2786   000AC2                     
  2787                           ;Main.c: 88:     MoveFor(170, 300, 0);
  2788   000AC2  6A10               	clrf	(MoveFor@Pulses+1)^0,c
  2789   000AC4  0EAA               	movlw	170
  2790   000AC6  6E0F               	movwf	MoveFor@Pulses^0,c
  2791   000AC8  0E01               	movlw	1
  2792   000ACA  6E12               	movwf	(MoveFor@Speed+1)^0,c
  2793   000ACC  0E2C               	movlw	44
  2794   000ACE  6E11               	movwf	MoveFor@Speed^0,c
  2795   000AD0  6A14               	clrf	(MoveFor@Difference+1)^0,c
  2796   000AD2  0E00               	movlw	0
  2797   000AD4  6E13               	movwf	MoveFor@Difference^0,c
  2798   000AD6  EC93  F004         	call	_MoveFor	;wreg free
  2799   000ADA                     
  2800                           ;Main.c: 90:     LATBbits.LB2 = 0;
  2801   000ADA  948A               	bcf	138,2,c	;volatile
  2802   000ADC                     
  2803                           ;Main.c: 91:     disable_movement_system = 0;
  2804   000ADC  6A2B               	clrf	(_disable_movement_system+1)^0,c
  2805   000ADE  0E00               	movlw	0
  2806   000AE0  6E2A               	movwf	_disable_movement_system^0,c
  2807   000AE2  0012               	return		;funcret
  2808   000AE4                     __end_of_ChangeLane:
  2809                           	callstack 0
  2810                           
  2811 ;; *************** function _WaitFor *****************
  2812 ;; Defined at:
  2813 ;;		line 104 in file "Main.c"
  2814 ;; Parameters:    Size  Location     Type
  2815 ;;  TimeSeconds     2    0[COMRAM] unsigned int 
  2816 ;; Auto vars:     Size  Location     Type
  2817 ;;  i               2    4[COMRAM] unsigned int 
  2818 ;; Return value:  Size  Location     Type
  2819 ;;                  1    wreg      void 
  2820 ;; Registers used:
  2821 ;;		wreg, status,2, status,0, prodl, prodh
  2822 ;; Tracked objects:
  2823 ;;		On entry : 0/0
  2824 ;;		On exit  : 0/0
  2825 ;;		Unchanged: 0/0
  2826 ;; Data sizes:     COMRAM   BANK0   BANK1
  2827 ;;      Params:         2       0       0
  2828 ;;      Locals:         2       0       0
  2829 ;;      Temps:          2       0       0
  2830 ;;      Totals:         6       0       0
  2831 ;;Total ram usage:        6 bytes
  2832 ;; Hardware stack levels used: 1
  2833 ;; This function calls:
  2834 ;;		Nothing
  2835 ;; This function is called by:
  2836 ;;		_ChangeLane
  2837 ;;		_FlashLEDs
  2838 ;;		_main
  2839 ;; This function uses a non-reentrant model
  2840 ;;
  2841                           
  2842                           	psect	text22
  2843   000A18                     __ptext22:
  2844                           	callstack 0
  2845   000A18                     _WaitFor:
  2846                           	callstack 29
  2847   000A18                     
  2848                           ;Main.c: 105:     for(unsigned int i = 0; i < TimeSeconds * 10; i++){
  2849   000A18  6A06               	clrf	(WaitFor@i+1)^0,c
  2850   000A1A  0E00               	movlw	0
  2851   000A1C  6E05               	movwf	WaitFor@i^0,c
  2852   000A1E  EF1E  F005         	goto	l1721
  2853   000A22                     l1717:
  2854                           
  2855                           ;Main.c: 106:         _delay((unsigned long)((100)*(10000000/4000.0)));
  2856   000A22  0E02               	movlw	2
  2857   000A24  6E04               	movwf	(??_WaitFor+1)^0,c
  2858   000A26  0E45               	movlw	69
  2859   000A28  6E03               	movwf	??_WaitFor^0,c
  2860   000A2A  0EAA               	movlw	170
  2861   000A2C                     u727:
  2862   000A2C  2EE8               	decfsz	wreg,f,c
  2863   000A2E  D7FE               	bra	u727
  2864   000A30  2E03               	decfsz	??_WaitFor^0,f,c
  2865   000A32  D7FC               	bra	u727
  2866   000A34  2E04               	decfsz	(??_WaitFor+1)^0,f,c
  2867   000A36  D7FA               	bra	u727
  2868   000A38                     
  2869                           ;Main.c: 107:     }
  2870   000A38  4A05               	infsnz	WaitFor@i^0,f,c
  2871   000A3A  2A06               	incf	(WaitFor@i+1)^0,f,c
  2872   000A3C                     l1721:
  2873   000A3C  0E0A               	movlw	10
  2874   000A3E  0201               	mulwf	WaitFor@TimeSeconds^0,c
  2875   000A40  CFF3 F003          	movff	prodl,??_WaitFor
  2876   000A44  CFF4 F004          	movff	prodh,??_WaitFor+1
  2877   000A48  0202               	mulwf	(WaitFor@TimeSeconds+1)^0,c
  2878   000A4A  50F3               	movf	prodl,w,c
  2879   000A4C  2604               	addwf	(??_WaitFor+1)^0,f,c
  2880   000A4E  5003               	movf	??_WaitFor^0,w,c
  2881   000A50  5C05               	subwf	WaitFor@i^0,w,c
  2882   000A52  5004               	movf	(??_WaitFor+1)^0,w,c
  2883   000A54  5806               	subwfb	(WaitFor@i+1)^0,w,c
  2884   000A56  A0D8               	btfss	status,0,c
  2885   000A58  EF30  F005         	goto	u541
  2886   000A5C  EF32  F005         	goto	u540
  2887   000A60                     u541:
  2888   000A60  EF11  F005         	goto	l1717
  2889   000A64                     u540:
  2890   000A64  0012               	return		;funcret
  2891   000A66                     __end_of_WaitFor:
  2892                           	callstack 0
  2893                           
  2894 ;; *************** function _Turn *****************
  2895 ;; Defined at:
  2896 ;;		line 94 in file "Main.c"
  2897 ;; Parameters:    Size  Location     Type
  2898 ;;  Eighths         2   14[COMRAM] unsigned int 
  2899 ;; Auto vars:     Size  Location     Type
  2900 ;;  CurrentPulse    2   20[COMRAM] int 
  2901 ;;  TotalPulses     2   18[COMRAM] int 
  2902 ;; Return value:  Size  Location     Type
  2903 ;;                  1    wreg      void 
  2904 ;; Registers used:
  2905 ;;		wreg, status,2, status,0, prodl, prodh, cstack
  2906 ;; Tracked objects:
  2907 ;;		On entry : 0/0
  2908 ;;		On exit  : 0/0
  2909 ;;		Unchanged: 0/0
  2910 ;; Data sizes:     COMRAM   BANK0   BANK1
  2911 ;;      Params:         2       0       0
  2912 ;;      Locals:         4       0       0
  2913 ;;      Temps:          2       0       0
  2914 ;;      Totals:         8       0       0
  2915 ;;Total ram usage:        8 bytes
  2916 ;; Hardware stack levels used: 1
  2917 ;; This function calls:
  2918 ;;		_Move
  2919 ;;		_ReadEncoderL
  2920 ;; This function is called by:
  2921 ;;		_ChangeLane
  2922 ;;		_main
  2923 ;; This function uses a non-reentrant model
  2924 ;;
  2925                           
  2926                           	psect	text23
  2927   0007F0                     __ptext23:
  2928                           	callstack 0
  2929   0007F0                     _Turn:
  2930                           	callstack 29
  2931   0007F0                     
  2932                           ;Main.c: 95:     int TotalPulses = Eighths * 60;
  2933   0007F0  0E3C               	movlw	60
  2934   0007F2  020F               	mulwf	Turn@Eighths^0,c
  2935   0007F4  CFF3 F011          	movff	prodl,??_Turn
  2936   0007F8  CFF4 F012          	movff	prodh,??_Turn+1
  2937   0007FC  0210               	mulwf	(Turn@Eighths+1)^0,c
  2938   0007FE  50F3               	movf	prodl,w,c
  2939   000800  2612               	addwf	(??_Turn+1)^0,f,c
  2940   000802  C011  F013         	movff	??_Turn,Turn@TotalPulses
  2941   000806  C012  F014         	movff	??_Turn+1,Turn@TotalPulses+1
  2942   00080A                     
  2943                           ;Main.c: 96:     int CurrentPulses = 0;
  2944   00080A  6A16               	clrf	(Turn@CurrentPulses+1)^0,c
  2945   00080C  0E00               	movlw	0
  2946   00080E  6E15               	movwf	Turn@CurrentPulses^0,c
  2947                           
  2948                           ;Main.c: 97:     while (CurrentPulses < TotalPulses){
  2949   000810  EF19  F004         	goto	l1711
  2950   000814                     l1709:
  2951                           
  2952                           ;Main.c: 98:         Move(0, -250);
  2953   000814  6A08               	clrf	(Move@Speed+1)^0,c
  2954   000816  0E00               	movlw	0
  2955   000818  6E07               	movwf	Move@Speed^0,c
  2956   00081A  0EFF               	movlw	255
  2957   00081C  6E0A               	movwf	(Move@Difference+1)^0,c
  2958   00081E  0E06               	movlw	6
  2959   000820  6E09               	movwf	Move@Difference^0,c
  2960   000822  EC33  F005         	call	_Move	;wreg free
  2961                           
  2962                           ;Main.c: 99:         CurrentPulses += ReadEncoderL();
  2963   000826  EC31  F004         	call	_ReadEncoderL	;wreg free
  2964   00082A  5001               	movf	?_ReadEncoderL^0,w,c
  2965   00082C  2615               	addwf	Turn@CurrentPulses^0,f,c
  2966   00082E  5002               	movf	(?_ReadEncoderL+1)^0,w,c
  2967   000830  2216               	addwfc	(Turn@CurrentPulses+1)^0,f,c
  2968   000832                     l1711:
  2969                           
  2970                           ;Main.c: 97:     while (CurrentPulses < TotalPulses){
  2971   000832  5013               	movf	Turn@TotalPulses^0,w,c
  2972   000834  5C15               	subwf	Turn@CurrentPulses^0,w,c
  2973   000836  5016               	movf	(Turn@CurrentPulses+1)^0,w,c
  2974   000838  0A80               	xorlw	128
  2975   00083A  6E11               	movwf	??_Turn^0,c
  2976   00083C  5014               	movf	(Turn@TotalPulses+1)^0,w,c
  2977   00083E  0A80               	xorlw	128
  2978   000840  5811               	subwfb	??_Turn^0,w,c
  2979   000842  A0D8               	btfss	status,0,c
  2980   000844  EF26  F004         	goto	u531
  2981   000848  EF28  F004         	goto	u530
  2982   00084C                     u531:
  2983   00084C  EF0A  F004         	goto	l1709
  2984   000850                     u530:
  2985   000850                     
  2986                           ;Main.c: 101:     Move(0,0);
  2987   000850  6A08               	clrf	(Move@Speed+1)^0,c
  2988   000852  0E00               	movlw	0
  2989   000854  6E07               	movwf	Move@Speed^0,c
  2990   000856  6A0A               	clrf	(Move@Difference+1)^0,c
  2991   000858  0E00               	movlw	0
  2992   00085A  6E09               	movwf	Move@Difference^0,c
  2993   00085C  EC33  F005         	call	_Move	;wreg free
  2994   000860  0012               	return		;funcret
  2995   000862                     __end_of_Turn:
  2996                           	callstack 0
  2997                           
  2998 ;; *************** function _MoveFor *****************
  2999 ;; Defined at:
  3000 ;;		line 270 in file "Main.c"
  3001 ;; Parameters:    Size  Location     Type
  3002 ;;  Pulses          2   14[COMRAM] unsigned int 
  3003 ;;  Speed           2   16[COMRAM] unsigned int 
  3004 ;;  Difference      2   18[COMRAM] int 
  3005 ;; Auto vars:     Size  Location     Type
  3006 ;;  CurrentPulse    2   20[COMRAM] int 
  3007 ;; Return value:  Size  Location     Type
  3008 ;;                  1    wreg      void 
  3009 ;; Registers used:
  3010 ;;		wreg, status,2, status,0, cstack
  3011 ;; Tracked objects:
  3012 ;;		On entry : 0/0
  3013 ;;		On exit  : 0/0
  3014 ;;		Unchanged: 0/0
  3015 ;; Data sizes:     COMRAM   BANK0   BANK1
  3016 ;;      Params:         6       0       0
  3017 ;;      Locals:         2       0       0
  3018 ;;      Temps:          0       0       0
  3019 ;;      Totals:         8       0       0
  3020 ;;Total ram usage:        8 bytes
  3021 ;; Hardware stack levels used: 1
  3022 ;; Hardware stack levels required when called: 3
  3023 ;; This function calls:
  3024 ;;		_Move
  3025 ;;		_ReadEncoderL
  3026 ;; This function is called by:
  3027 ;;		_ChangeLane
  3028 ;; This function uses a non-reentrant model
  3029 ;;
  3030                           
  3031                           	psect	text24
  3032   000926                     __ptext24:
  3033                           	callstack 0
  3034   000926                     _MoveFor:
  3035                           	callstack 26
  3036   000926                     
  3037                           ;Main.c: 271:     int CurrentPulses = 0;
  3038   000926  6A16               	clrf	(MoveFor@CurrentPulses+1)^0,c
  3039   000928  0E00               	movlw	0
  3040   00092A  6E15               	movwf	MoveFor@CurrentPulses^0,c
  3041                           
  3042                           ;Main.c: 272:     while (CurrentPulses < Pulses){
  3043   00092C  EFA8  F004         	goto	l1727
  3044   000930                     l1725:
  3045                           
  3046                           ;Main.c: 273:         Move(Speed, Difference);
  3047   000930  C011  F007         	movff	MoveFor@Speed,Move@Speed
  3048   000934  C012  F008         	movff	MoveFor@Speed+1,Move@Speed+1
  3049   000938  C013  F009         	movff	MoveFor@Difference,Move@Difference
  3050   00093C  C014  F00A         	movff	MoveFor@Difference+1,Move@Difference+1
  3051   000940  EC33  F005         	call	_Move	;wreg free
  3052                           
  3053                           ;Main.c: 274:         CurrentPulses += ReadEncoderL();
  3054   000944  EC31  F004         	call	_ReadEncoderL	;wreg free
  3055   000948  5001               	movf	?_ReadEncoderL^0,w,c
  3056   00094A  2615               	addwf	MoveFor@CurrentPulses^0,f,c
  3057   00094C  5002               	movf	(?_ReadEncoderL+1)^0,w,c
  3058   00094E  2216               	addwfc	(MoveFor@CurrentPulses+1)^0,f,c
  3059   000950                     l1727:
  3060                           
  3061                           ;Main.c: 272:     while (CurrentPulses < Pulses){
  3062   000950  500F               	movf	MoveFor@Pulses^0,w,c
  3063   000952  5C15               	subwf	MoveFor@CurrentPulses^0,w,c
  3064   000954  5010               	movf	(MoveFor@Pulses+1)^0,w,c
  3065   000956  5816               	subwfb	(MoveFor@CurrentPulses+1)^0,w,c
  3066   000958  A0D8               	btfss	status,0,c
  3067   00095A  EFB1  F004         	goto	u551
  3068   00095E  EFB3  F004         	goto	u550
  3069   000962                     u551:
  3070   000962  EF98  F004         	goto	l1725
  3071   000966                     u550:
  3072   000966                     
  3073                           ;Main.c: 276:     Move(0,0);
  3074   000966  6A08               	clrf	(Move@Speed+1)^0,c
  3075   000968  0E00               	movlw	0
  3076   00096A  6E07               	movwf	Move@Speed^0,c
  3077   00096C  6A0A               	clrf	(Move@Difference+1)^0,c
  3078   00096E  0E00               	movlw	0
  3079   000970  6E09               	movwf	Move@Difference^0,c
  3080   000972  EC33  F005         	call	_Move	;wreg free
  3081   000976  0012               	return		;funcret
  3082   000978                     __end_of_MoveFor:
  3083                           	callstack 0
  3084                           
  3085 ;; *************** function _ReadEncoderL *****************
  3086 ;; Defined at:
  3087 ;;		line 58 in file "Main.c"
  3088 ;; Parameters:    Size  Location     Type
  3089 ;;		None
  3090 ;; Auto vars:     Size  Location     Type
  3091 ;;  pulse           2    3[COMRAM] int 
  3092 ;; Return value:  Size  Location     Type
  3093 ;;                  2    0[COMRAM] int 
  3094 ;; Registers used:
  3095 ;;		wreg, status,2, status,0
  3096 ;; Tracked objects:
  3097 ;;		On entry : 0/0
  3098 ;;		On exit  : 0/0
  3099 ;;		Unchanged: 0/0
  3100 ;; Data sizes:     COMRAM   BANK0   BANK1
  3101 ;;      Params:         2       0       0
  3102 ;;      Locals:         2       0       0
  3103 ;;      Temps:          1       0       0
  3104 ;;      Totals:         5       0       0
  3105 ;;Total ram usage:        5 bytes
  3106 ;; Hardware stack levels used: 1
  3107 ;; This function calls:
  3108 ;;		Nothing
  3109 ;; This function is called by:
  3110 ;;		_Turn
  3111 ;;		_MoveFor
  3112 ;; This function uses a non-reentrant model
  3113 ;;
  3114                           
  3115                           	psect	text25
  3116   000862                     __ptext25:
  3117                           	callstack 0
  3118   000862                     _ReadEncoderL:
  3119                           	callstack 28
  3120   000862                     
  3121                           ;Main.c: 59:     int pulse = 0;
  3122   000862  6A05               	clrf	(ReadEncoderL@pulse+1)^0,c
  3123   000864  0E00               	movlw	0
  3124   000866  6E04               	movwf	ReadEncoderL@pulse^0,c
  3125   000868                     
  3126                           ;Main.c: 60:     if(PORTCbits.RC0 == 1 && LEncoderReading == 0) {
  3127   000868  A082               	btfss	130,0,c	;volatile
  3128   00086A  EF39  F004         	goto	u401
  3129   00086E  EF3B  F004         	goto	u400
  3130   000872                     u401:
  3131   000872  EF54  F004         	goto	l193
  3132   000876                     u400:
  3133   000876  502E               	movf	_LEncoderReading^0,w,c
  3134   000878  102F               	iorwf	(_LEncoderReading+1)^0,w,c
  3135   00087A  A4D8               	btfss	status,2,c
  3136   00087C  EF42  F004         	goto	u411
  3137   000880  EF44  F004         	goto	u410
  3138   000884                     u411:
  3139   000884  EF54  F004         	goto	l193
  3140   000888                     u410:
  3141   000888                     
  3142                           ;Main.c: 61:         LEncoderReading = PORTCbits.RC0;
  3143   000888  B082               	btfsc	130,0,c	;volatile
  3144   00088A  EF49  F004         	goto	u421
  3145   00088E  EF4D  F004         	goto	u420
  3146   000892                     u421:
  3147   000892  6A03               	clrf	??_ReadEncoderL^0,c
  3148   000894  2A03               	incf	??_ReadEncoderL^0,f,c
  3149   000896  EF4E  F004         	goto	u428
  3150   00089A                     u420:
  3151   00089A  6A03               	clrf	??_ReadEncoderL^0,c
  3152   00089C                     u428:
  3153   00089C  5003               	movf	??_ReadEncoderL^0,w,c
  3154   00089E  6E2E               	movwf	_LEncoderReading^0,c
  3155   0008A0  6A2F               	clrf	(_LEncoderReading+1)^0,c
  3156                           
  3157                           ;Main.c: 62:         pulse = 1;
  3158   0008A2  6A05               	clrf	(ReadEncoderL@pulse+1)^0,c
  3159   0008A4  0E01               	movlw	1
  3160   0008A6  6E04               	movwf	ReadEncoderL@pulse^0,c
  3161   0008A8                     l193:
  3162                           
  3163                           ;Main.c: 64:     LEncoderReading = PORTCbits.RC0;
  3164   0008A8  B082               	btfsc	130,0,c	;volatile
  3165   0008AA  EF59  F004         	goto	u431
  3166   0008AE  EF5D  F004         	goto	u430
  3167   0008B2                     u431:
  3168   0008B2  6A03               	clrf	??_ReadEncoderL^0,c
  3169   0008B4  2A03               	incf	??_ReadEncoderL^0,f,c
  3170   0008B6  EF5E  F004         	goto	u438
  3171   0008BA                     u430:
  3172   0008BA  6A03               	clrf	??_ReadEncoderL^0,c
  3173   0008BC                     u438:
  3174   0008BC  5003               	movf	??_ReadEncoderL^0,w,c
  3175   0008BE  6E2E               	movwf	_LEncoderReading^0,c
  3176   0008C0  6A2F               	clrf	(_LEncoderReading+1)^0,c
  3177   0008C2                     
  3178                           ;Main.c: 65:     return pulse;
  3179   0008C2  C004  F001         	movff	ReadEncoderL@pulse,?_ReadEncoderL
  3180   0008C6  C005  F002         	movff	ReadEncoderL@pulse+1,?_ReadEncoderL+1
  3181   0008CA  0012               	return		;funcret
  3182   0008CC                     __end_of_ReadEncoderL:
  3183                           	callstack 0
  3184                           
  3185 ;; *************** function _Move *****************
  3186 ;; Defined at:
  3187 ;;		line 281 in file "Main.c"
  3188 ;; Parameters:    Size  Location     Type
  3189 ;;  Speed           2    6[COMRAM] unsigned int 
  3190 ;;  Difference      2    8[COMRAM] int 
  3191 ;; Auto vars:     Size  Location     Type
  3192 ;;  RightSpeed      2   12[COMRAM] int 
  3193 ;;  LeftSpeed       2   10[COMRAM] int 
  3194 ;; Return value:  Size  Location     Type
  3195 ;;                  1    wreg      void 
  3196 ;; Registers used:
  3197 ;;		wreg, status,2, status,0, cstack
  3198 ;; Tracked objects:
  3199 ;;		On entry : 0/0
  3200 ;;		On exit  : 0/0
  3201 ;;		Unchanged: 0/0
  3202 ;; Data sizes:     COMRAM   BANK0   BANK1
  3203 ;;      Params:         4       0       0
  3204 ;;      Locals:         4       0       0
  3205 ;;      Temps:          0       0       0
  3206 ;;      Totals:         8       0       0
  3207 ;;Total ram usage:        8 bytes
  3208 ;; Hardware stack levels used: 1
  3209 ;; This function calls:
  3210 ;;		_goforward
  3211 ;; This function is called by:
  3212 ;;		_Turn
  3213 ;;		_main
  3214 ;;		_MovementSystem
  3215 ;;		_MoveFor
  3216 ;; This function uses a non-reentrant model
  3217 ;;
  3218                           
  3219                           	psect	text26
  3220   000A66                     __ptext26:
  3221                           	callstack 0
  3222   000A66                     _Move:
  3223                           	callstack 28
  3224   000A66                     
  3225                           ;Main.c: 283:     if(Speed > 1023){
  3226   000A66  0E04               	movlw	4
  3227   000A68  5C08               	subwf	(Move@Speed+1)^0,w,c
  3228   000A6A  A0D8               	btfss	status,0,c
  3229   000A6C  EF3A  F005         	goto	u441
  3230   000A70  EF3C  F005         	goto	u440
  3231   000A74                     u441:
  3232   000A74  EF3F  F005         	goto	l1565
  3233   000A78                     u440:
  3234   000A78                     
  3235                           ;Main.c: 284:         Speed = 1023;
  3236   000A78  0E03               	movlw	3
  3237   000A7A  6E08               	movwf	(Move@Speed+1)^0,c
  3238   000A7C  6807               	setf	Move@Speed^0,c
  3239   000A7E                     l1565:
  3240                           
  3241                           ;Main.c: 287:     int LeftSpeed = Speed - Difference;
  3242   000A7E  5009               	movf	Move@Difference^0,w,c
  3243   000A80  5C07               	subwf	Move@Speed^0,w,c
  3244   000A82  6E0B               	movwf	Move@LeftSpeed^0,c
  3245   000A84  500A               	movf	(Move@Difference+1)^0,w,c
  3246   000A86  5808               	subwfb	(Move@Speed+1)^0,w,c
  3247   000A88  6E0C               	movwf	(Move@LeftSpeed+1)^0,c
  3248   000A8A                     
  3249                           ;Main.c: 288:     int RightSpeed = Speed + Difference;
  3250   000A8A  5007               	movf	Move@Speed^0,w,c
  3251   000A8C  2409               	addwf	Move@Difference^0,w,c
  3252   000A8E  6E0D               	movwf	Move@RightSpeed^0,c
  3253   000A90  5008               	movf	(Move@Speed+1)^0,w,c
  3254   000A92  200A               	addwfc	(Move@Difference+1)^0,w,c
  3255   000A94  6E0E               	movwf	(Move@RightSpeed+1)^0,c
  3256   000A96                     
  3257                           ;Main.c: 290:     goforward(RightSpeed, LeftSpeed);
  3258   000A96  C00D  F003         	movff	Move@RightSpeed,goforward@RightSpeed
  3259   000A9A  C00E  F004         	movff	Move@RightSpeed+1,goforward@RightSpeed+1
  3260   000A9E  C00B  F005         	movff	Move@LeftSpeed,goforward@LeftSpeed
  3261   000AA2  C00C  F006         	movff	Move@LeftSpeed+1,goforward@LeftSpeed+1
  3262   000AA6  EC66  F004         	call	_goforward	;wreg free
  3263   000AAA  0012               	return		;funcret
  3264   000AAC                     __end_of_Move:
  3265                           	callstack 0
  3266                           
  3267 ;; *************** function _goforward *****************
  3268 ;; Defined at:
  3269 ;;		line 47 in file "PWM10bit_2.c"
  3270 ;; Parameters:    Size  Location     Type
  3271 ;;  RightSpeed      2    2[COMRAM] int 
  3272 ;;  LeftSpeed       2    4[COMRAM] int 
  3273 ;; Auto vars:     Size  Location     Type
  3274 ;;		None
  3275 ;; Return value:  Size  Location     Type
  3276 ;;                  1    wreg      void 
  3277 ;; Registers used:
  3278 ;;		wreg, status,2, status,0, cstack
  3279 ;; Tracked objects:
  3280 ;;		On entry : 0/0
  3281 ;;		On exit  : 0/0
  3282 ;;		Unchanged: 0/0
  3283 ;; Data sizes:     COMRAM   BANK0   BANK1
  3284 ;;      Params:         4       0       0
  3285 ;;      Locals:         0       0       0
  3286 ;;      Temps:          0       0       0
  3287 ;;      Totals:         4       0       0
  3288 ;;Total ram usage:        4 bytes
  3289 ;; Hardware stack levels used: 1
  3290 ;; Hardware stack levels required when called: 1
  3291 ;; This function calls:
  3292 ;;		_MovementPWM
  3293 ;; This function is called by:
  3294 ;;		_Move
  3295 ;; This function uses a non-reentrant model
  3296 ;;
  3297                           
  3298                           	psect	text27
  3299   0008CC                     __ptext27:
  3300                           	callstack 0
  3301   0008CC                     _goforward:
  3302                           	callstack 26
  3303   0008CC                     
  3304                           ;PWM10bit_2.c: 49: 
  3305   0008CC  C005  F033         	movff	goforward@LeftSpeed,_markspaceL
  3306   0008D0  C006  F034         	movff	goforward@LeftSpeed+1,_markspaceL+1
  3307                           
  3308                           ;PWM10bit_2.c: 50:     MovementPWM();
  3309   0008D4  C003  F031         	movff	goforward@RightSpeed,_markspaceR
  3310   0008D8  C004  F032         	movff	goforward@RightSpeed+1,_markspaceR+1
  3311   0008DC                     
  3312                           ;PWM10bit_2.c: 52: }
  3313   0008DC  BE06               	btfsc	(goforward@LeftSpeed+1)^0,7,c
  3314   0008DE  EF75  F004         	goto	u380
  3315   0008E2  EF73  F004         	goto	u381
  3316   0008E6                     u381:
  3317   0008E6  EF7D  F004         	goto	l44
  3318   0008EA                     u380:
  3319   0008EA                     
  3320                           ;PWM10bit_2.c: 53: 
  3321   0008EA  8889               	bsf	137,4,c	;volatile
  3322                           
  3323                           ;PWM10bit_2.c: 54: void configPWM(void){
  3324   0008EC  9A89               	bcf	137,5,c	;volatile
  3325   0008EE                     
  3326                           ;PWM10bit_2.c: 55: PR2 = 0b11111111 ;
  3327   0008EE  6C33               	negf	_markspaceL^0,c
  3328   0008F0  1E34               	comf	(_markspaceL+1)^0,f,c
  3329   0008F2  B0D8               	btfsc	status,0,c
  3330   0008F4  2A34               	incf	(_markspaceL+1)^0,f,c
  3331                           
  3332                           ;PWM10bit_2.c: 56: T2CON = 0b00000111 ;
  3333   0008F6  EF7F  F004         	goto	l1539
  3334   0008FA                     l44:
  3335                           
  3336                           ;PWM10bit_2.c: 58: CCP2CON = 0b00001100;
  3337   0008FA  9889               	bcf	137,4,c	;volatile
  3338                           
  3339                           ;PWM10bit_2.c: 59: CCPR1L = 0;
  3340   0008FC  8A89               	bsf	137,5,c	;volatile
  3341   0008FE                     l1539:
  3342                           
  3343                           ;PWM10bit_2.c: 61: return;
  3344   0008FE  BE04               	btfsc	(goforward@RightSpeed+1)^0,7,c
  3345   000900  EF86  F004         	goto	u390
  3346   000904  EF84  F004         	goto	u391
  3347   000908                     u391:
  3348   000908  EF8E  F004         	goto	l46
  3349   00090C                     u390:
  3350   00090C                     
  3351                           ;PWM10bit_2.c: 62: }
  3352   00090C  808A               	bsf	138,0,c	;volatile
  3353                           
  3354                           ;PWM10bit_2.c: 63: 
  3355   00090E  928A               	bcf	138,1,c	;volatile
  3356   000910                     
  3357                           ;PWM10bit_2.c: 64: 
  3358   000910  6C31               	negf	_markspaceR^0,c
  3359   000912  1E32               	comf	(_markspaceR+1)^0,f,c
  3360   000914  B0D8               	btfsc	status,0,c
  3361   000916  2A32               	incf	(_markspaceR+1)^0,f,c
  3362                           
  3363                           ;PWM10bit_2.c: 65: 
  3364   000918  EF90  F004         	goto	l1545
  3365   00091C                     l46:
  3366                           
  3367                           ;PWM10bit_2.c: 67: 
  3368   00091C  908A               	bcf	138,0,c	;volatile
  3369                           
  3370                           ;PWM10bit_2.c: 68: void MovementPWM(void){
  3371   00091E  828A               	bsf	138,1,c	;volatile
  3372   000920                     l1545:
  3373                           
  3374                           ;PWM10bit_2.c: 71:     CCP2CON = (0x0c)|((markspaceL&0x03)<<4);
  3375   000920  ECBC  F004         	call	_MovementPWM	;wreg free
  3376   000924  0012               	return		;funcret
  3377   000926                     __end_of_goforward:
  3378                           	callstack 0
  3379                           
  3380 ;; *************** function _MovementPWM *****************
  3381 ;; Defined at:
  3382 ;;		line 89 in file "PWM10bit_2.c"
  3383 ;; Parameters:    Size  Location     Type
  3384 ;;		None
  3385 ;; Auto vars:     Size  Location     Type
  3386 ;;		None
  3387 ;; Return value:  Size  Location     Type
  3388 ;;                  1    wreg      void 
  3389 ;; Registers used:
  3390 ;;		wreg, status,2, status,0
  3391 ;; Tracked objects:
  3392 ;;		On entry : 0/0
  3393 ;;		On exit  : 0/0
  3394 ;;		Unchanged: 0/0
  3395 ;; Data sizes:     COMRAM   BANK0   BANK1
  3396 ;;      Params:         0       0       0
  3397 ;;      Locals:         0       0       0
  3398 ;;      Temps:          2       0       0
  3399 ;;      Totals:         2       0       0
  3400 ;;Total ram usage:        2 bytes
  3401 ;; Hardware stack levels used: 1
  3402 ;; This function calls:
  3403 ;;		Nothing
  3404 ;; This function is called by:
  3405 ;;		_goforward
  3406 ;; This function uses a non-reentrant model
  3407 ;;
  3408                           
  3409                           	psect	text28
  3410   000978                     __ptext28:
  3411                           	callstack 0
  3412   000978                     _MovementPWM:
  3413                           	callstack 26
  3414   000978  C031  F001         	movff	_markspaceR,??_MovementPWM
  3415   00097C  0E03               	movlw	3
  3416   00097E  1601               	andwf	??_MovementPWM^0,f,c
  3417   000980  3801               	swapf	??_MovementPWM^0,w,c
  3418   000982  0BF0               	andlw	240
  3419   000984  090C               	iorlw	12
  3420   000986  6EBD               	movwf	189,c	;volatile
  3421   000988  C031  F001         	movff	_markspaceR,??_MovementPWM
  3422   00098C  C032  F002         	movff	_markspaceR+1,??_MovementPWM+1
  3423   000990  90D8               	bcf	status,0,c
  3424   000992  3202               	rrcf	(??_MovementPWM+1)^0,f,c
  3425   000994  3201               	rrcf	??_MovementPWM^0,f,c
  3426   000996  90D8               	bcf	status,0,c
  3427   000998  3202               	rrcf	(??_MovementPWM+1)^0,f,c
  3428   00099A  3201               	rrcf	??_MovementPWM^0,f,c
  3429   00099C  5001               	movf	??_MovementPWM^0,w,c
  3430   00099E  6EBE               	movwf	190,c	;volatile
  3431   0009A0  C033  F001         	movff	_markspaceL,??_MovementPWM
  3432   0009A4  0E03               	movlw	3
  3433   0009A6  1601               	andwf	??_MovementPWM^0,f,c
  3434   0009A8  3801               	swapf	??_MovementPWM^0,w,c
  3435   0009AA  0BF0               	andlw	240
  3436   0009AC  090C               	iorlw	12
  3437   0009AE  6EBA               	movwf	186,c	;volatile
  3438   0009B0  C033  F001         	movff	_markspaceL,??_MovementPWM
  3439   0009B4  C034  F002         	movff	_markspaceL+1,??_MovementPWM+1
  3440   0009B8  90D8               	bcf	status,0,c
  3441   0009BA  3202               	rrcf	(??_MovementPWM+1)^0,f,c
  3442   0009BC  3201               	rrcf	??_MovementPWM^0,f,c
  3443   0009BE  90D8               	bcf	status,0,c
  3444   0009C0  3202               	rrcf	(??_MovementPWM+1)^0,f,c
  3445   0009C2  3201               	rrcf	??_MovementPWM^0,f,c
  3446   0009C4  5001               	movf	??_MovementPWM^0,w,c
  3447   0009C6  6EBB               	movwf	187,c	;volatile
  3448   0009C8  0012               	return		;funcret
  3449   0009CA                     __end_of_MovementPWM:
  3450                           	callstack 0
  3451                           
  3452                           	psect	smallconst
  3453   000200                     __psmallconst:
  3454                           	callstack 0
  3455   000200  00                 	db	0
  3456   000201  00                 	db	0	; dummy byte at the end
  3457   000200                     __smallconst    set	__psmallconst
  3458   000200                     __mediumconst   set	__psmallconst
  3459   000002                     __activetblptr  equ	2
  3460                           
  3461                           	psect	rparam
  3462   000001                     ___rparam_used  equ	1
  3463   000000                     ___param_bank   equ	0
  3464   000000                     __Lparam        equ	__Lrparam
  3465   000000                     __Hparam        equ	__Hrparam
  3466                           
  3467                           	psect	config
  3468                           
  3469                           ; Padding undefined space
  3470   300000                     	org	3145728
  3471   300000  FF                 	db	255
  3472                           
  3473                           ;Config register CONFIG1H @ 0x300001
  3474                           ;	Oscillator
  3475                           ;	OSC = HS, HS Oscillator
  3476                           ;	Fail-Safe Clock Monitor Enable bit
  3477                           ;	FCMEN = 0x0, unprogrammed default
  3478                           ;	Internal/External Oscillator Switchover bit
  3479                           ;	IESO = 0x0, unprogrammed default
  3480   300001                     	org	3145729
  3481   300001  02                 	db	2
  3482                           
  3483                           ;Config register CONFIG2L @ 0x300002
  3484                           ;	Power-up Timer Enable bit
  3485                           ;	PWRT = ON, PWRT enabled
  3486                           ;	Brown-out Reset Enable bits
  3487                           ;	BOR = 0x3, unprogrammed default
  3488                           ;	Brown-out Reset Voltage bits
  3489                           ;	BORV = 0x3, unprogrammed default
  3490   300002                     	org	3145730
  3491   300002  1E                 	db	30
  3492                           
  3493                           ;Config register CONFIG2H @ 0x300003
  3494                           ;	Watchdog Timer Enable bit
  3495                           ;	WDT = OFF, WDT disabled (control is placed on the SWDTEN bit)
  3496                           ;	Watchdog Timer Postscale Select bits
  3497                           ;	WDTPS = 0xF, unprogrammed default
  3498   300003                     	org	3145731
  3499   300003  1E                 	db	30
  3500                           
  3501                           ;Config register CONFIG4L @ 0x300006
  3502                           ;	Stack Full/Underflow Reset Enable bit
  3503                           ;	STVREN = 0x1, unprogrammed default
  3504                           ;	Single-Supply ICSP Enable bit
  3505                           ;	LVP = OFF, Single-Supply ICSP disabled
  3506                           ;	Boot Block Size Select bits
  3507                           ;	BBSIZ = 0x0, unprogrammed default
  3508                           ;	Extended Instruction Set Enable bit
  3509                           ;	XINST = 0x0, unprogrammed default
  3510                           ;	Background Debugger Enable bit
  3511                           ;	DEBUG = 0x1, unprogrammed default
  3512   300006                     	org	3145734
  3513   300006  81                 	db	129
  3514                           
  3515                           ; Padding undefined space
  3516   300007                     	org	3145735
  3517   300007  FF                 	db	255
  3518                           tosu	equ	0xFFF
  3519                           tosh	equ	0xFFE
  3520                           tosl	equ	0xFFD
  3521                           stkptr	equ	0xFFC
  3522                           pclatu	equ	0xFFB
  3523                           pclath	equ	0xFFA
  3524                           pcl	equ	0xFF9
  3525                           tblptru	equ	0xFF8
  3526                           tblptrh	equ	0xFF7
  3527                           tblptrl	equ	0xFF6
  3528                           tablat	equ	0xFF5
  3529                           prodh	equ	0xFF4
  3530                           prodl	equ	0xFF3
  3531                           indf0	equ	0xFEF
  3532                           postinc0	equ	0xFEE
  3533                           postdec0	equ	0xFED
  3534                           preinc0	equ	0xFEC
  3535                           plusw0	equ	0xFEB
  3536                           fsr0h	equ	0xFEA
  3537                           fsr0l	equ	0xFE9
  3538                           wreg	equ	0xFE8
  3539                           indf1	equ	0xFE7
  3540                           postinc1	equ	0xFE6
  3541                           postdec1	equ	0xFE5
  3542                           preinc1	equ	0xFE4
  3543                           plusw1	equ	0xFE3
  3544                           fsr1h	equ	0xFE2
  3545                           fsr1l	equ	0xFE1
  3546                           bsr	equ	0xFE0
  3547                           indf2	equ	0xFDF
  3548                           postinc2	equ	0xFDE
  3549                           postdec2	equ	0xFDD
  3550                           preinc2	equ	0xFDC
  3551                           plusw2	equ	0xFDB
  3552                           fsr2h	equ	0xFDA
  3553                           fsr2l	equ	0xFD9
  3554                           status	equ	0xFD8

Data Sizes:
    Strings     0
    Constant    0
    Data        12
    BSS         13
    Persistent  2
    Stack       0

Auto Spaces:
    Space          Size  Autos    Used
    COMRAM          127     39      66
    BANK0           128      0       0
    BANK1           256      0       0

Pointer List with Targets:

    None.

Critical Paths under _main in COMRAM

    _main->_MovementSystem
    _UpdateLineData->_I2C_Read
    _UpdateLineData->_I2C_Write
    _I2C_Write->_I2C_checkbus_free
    _I2C_Stop->_I2C_checkbus_free
    _I2C_Start->_I2C_checkbus_free
    _I2C_RepeatedStart->_I2C_checkbus_free
    _I2C_Read->_I2C_checkbus_free
    _MovementSystem->_SlowDown
    _SlowDown->___awdiv
    _FollowLine->_LookUpRobotLineOffset
    _FlashLEDs->_WaitFor
    _ChangeLane->_MoveFor
    _ChangeLane->_Turn
    _Turn->_Move
    _MoveFor->_Move
    _Move->_goforward
    _goforward->_MovementPWM

Critical Paths under _main in BANK0

    None.

Critical Paths under _main in BANK1

    None.

Call Graph Tables:

 ---------------------------------------------------------------------------------
 (Depth) Function   	        Calls       Base Space   Used Autos Params    Refs
 ---------------------------------------------------------------------------------
 (0) _main                                                16    16      0    2819
                                             23 COMRAM    16    16      0
                         _ChangeLane
                          _FlashLEDs
                           _I2C_INIT
                               _Move
                     _MovementSystem
                           _PWM_INIT
                          _SetUpLEDs
                               _Turn
                     _UpdateLineData
                            _WaitFor
 ---------------------------------------------------------------------------------
 (1) _UpdateLineData                                       0     0      0      30
                           _I2C_Read
                  _I2C_RepeatedStart
                          _I2C_Start
                           _I2C_Stop
                          _I2C_Write
 ---------------------------------------------------------------------------------
 (2) _I2C_Write                                            1     1      0      15
                                              1 COMRAM     1     1      0
                  _I2C_checkbus_free
 ---------------------------------------------------------------------------------
 (2) _I2C_Stop                                             0     0      0       0
                  _I2C_checkbus_free
 ---------------------------------------------------------------------------------
 (2) _I2C_Start                                            0     0      0       0
                  _I2C_checkbus_free
 ---------------------------------------------------------------------------------
 (2) _I2C_RepeatedStart                                    0     0      0       0
                  _I2C_checkbus_free
 ---------------------------------------------------------------------------------
 (2) _I2C_Read                                             1     1      0      15
                                              1 COMRAM     1     1      0
                  _I2C_checkbus_free
 ---------------------------------------------------------------------------------
 (3) _I2C_checkbus_free                                    1     1      0       0
                                              0 COMRAM     1     1      0
 ---------------------------------------------------------------------------------
 (1) _PWM_INIT                                             0     0      0       0
                          _configPWM
 ---------------------------------------------------------------------------------
 (2) _configPWM                                            0     0      0       0
 ---------------------------------------------------------------------------------
 (1) _MovementSystem                                       6     6      0    1199
                                             17 COMRAM     6     6      0
                         _FollowLine
                 _LeftDistanceSensor
                               _Move
                _RightDistanceSensor
                           _SlowDown
 ---------------------------------------------------------------------------------
 (2) _SlowDown                                            11     5      6     621
                                              8 COMRAM     9     3      6
                            ___awdiv
 ---------------------------------------------------------------------------------
 (3) ___awdiv                                              8     4      4     308
                                              0 COMRAM     8     4      4
 ---------------------------------------------------------------------------------
 (2) _RightDistanceSensor                                  6     4      2      24
                                              0 COMRAM     6     4      2
 ---------------------------------------------------------------------------------
 (2) _LeftDistanceSensor                                   6     4      2      24
                                              0 COMRAM     6     4      2
 ---------------------------------------------------------------------------------
 (2) _FollowLine                                           8     6      2     113
                                              3 COMRAM     8     6      2
              _LookUpRobotLineOffset
 ---------------------------------------------------------------------------------
 (3) _LookUpRobotLineOffset                                3     1      2      23
                                              0 COMRAM     3     1      2
 ---------------------------------------------------------------------------------
 (1) _I2C_INIT                                             0     0      0       0
                     _I2C_Initialise
 ---------------------------------------------------------------------------------
 (2) _I2C_Initialise                                       0     0      0       0
 ---------------------------------------------------------------------------------
 (1) _FlashLEDs                                            4     2      2      98
                                              6 COMRAM     4     2      2
                          _SetUpLEDs
                            _WaitFor
 ---------------------------------------------------------------------------------
 (2) _SetUpLEDs                                            0     0      0       0
 ---------------------------------------------------------------------------------
 (1) _ChangeLane                                           0     0      0     780
                            _MoveFor
                               _Turn
                            _WaitFor
 ---------------------------------------------------------------------------------
 (2) _WaitFor                                              6     4      2      50
                                              0 COMRAM     6     4      2
 ---------------------------------------------------------------------------------
 (2) _Turn                                                 8     6      2     354
                                             14 COMRAM     8     6      2
                               _Move
                       _ReadEncoderL
 ---------------------------------------------------------------------------------
 (2) _MoveFor                                              8     2      6     376
                                             14 COMRAM     8     2      6
                               _Move
                       _ReadEncoderL
 ---------------------------------------------------------------------------------
 (3) _ReadEncoderL                                         5     3      2      24
                                              0 COMRAM     5     3      2
 ---------------------------------------------------------------------------------
 (3) _Move                                                 8     4      4     259
                                              6 COMRAM     8     4      4
                          _goforward
 ---------------------------------------------------------------------------------
 (4) _goforward                                            4     0      4      90
                                              2 COMRAM     4     0      4
                        _MovementPWM
 ---------------------------------------------------------------------------------
 (5) _MovementPWM                                          2     2      0       0
                                              0 COMRAM     2     2      0
 ---------------------------------------------------------------------------------
 Estimated maximum stack depth 5
 ---------------------------------------------------------------------------------

 Call Graph Graphs:

 _main (ROOT)
   _ChangeLane
     _MoveFor
       _Move
         _goforward
           _MovementPWM
       _ReadEncoderL
     _Turn
       _Move
       _ReadEncoderL
     _WaitFor
   _FlashLEDs
     _SetUpLEDs
     _WaitFor
   _I2C_INIT
     _I2C_Initialise
   _Move
   _MovementSystem
     _FollowLine
       _LookUpRobotLineOffset
     _LeftDistanceSensor
     _Move
     _RightDistanceSensor
     _SlowDown
       ___awdiv
   _PWM_INIT
     _configPWM
   _SetUpLEDs
   _Turn
   _UpdateLineData
     _I2C_Read
       _I2C_checkbus_free
     _I2C_RepeatedStart
       _I2C_checkbus_free
     _I2C_Start
       _I2C_checkbus_free
     _I2C_Stop
       _I2C_checkbus_free
     _I2C_Write
       _I2C_checkbus_free
   _WaitFor

Address spaces:
Name               Size   Autos  Total    Usage
BIGRAM             511      0       0      0.0%
BITBANK1           256      0       0      0.0%
BANK1              256      0       0      0.0%
BITBANK0           128      0       0      0.0%
BANK0              128      0       0      0.0%
BITCOMRAM          127      0       0      0.0%
COMRAM             127     39      66     52.0%
BITBIGSFRh          58      0       0      0.0%
BITBIGSFRllh        56      0       0      0.0%
BITBIGSFRlllh        6      0       0      0.0%
BITBIGSFRlh          2      0       0      0.0%
BITBIGSFRllll        2      0       0      0.0%
STACK                0      0       0      0.0%
DATA                 0      0      66      0.0%


Microchip Technology PIC18 Macro Assembler V3.10 build 20250813170317 
Symbol Table                                                                                   Fri May  8 14:30:53 2026

                                 l41 0BF2                                   l51 0C06  
                                 l44 08FA                                   l54 09C8  
                                 l46 091C                                   l48 0924  
                                 l99 0C38                                   u30 0BAE  
                                 u31 0BAA                                   u40 0BC4  
                                 u41 0BC0                         ___awdiv@sign 0006  
                   ??_UpdateLineData 0003                                  l102 0B9E  
                                l111 0BC4                                  l120 0C4A  
                                l105 0C14                                  l114 0C52  
                                l203 0860                                  l123 0C2C  
                                l212 0C42                                  l108 0BA0  
                                l117 0C5A                                  l126 0BDC  
                                l216 09D8                                  l209 0A64  
                                l218 0A16                                  l242 0498  
                                l190 0B46                                  l263 06A8  
                                l184 0B6C                                  l248 05A6  
                                l273 0AAA                                  l193 08A8  
                                l185 0B74                                  l194 08CA  
                                l283 0362                                  l269 0976  
                                l197 0AE2                                  l277 07EE  
                                l189 0B3E                                  l278 07BC  
                                l645 0768                                  u400 0876  
                                u401 0872                                  u410 0888  
                                u411 0884                                  u420 089A  
                                u500 0758                                  u421 0892  
                                u501 0754                                  u430 08BA  
                                u510 0B6C                                  _PR2 0FCB  
                                u431 08B2                                  u511 0B68  
                                u440 0A78                                  u600 078E  
                                u520 0B3E                                  _PEN 7E2A  
                                u441 0A74                                  u601 078A  
                                u521 0B3A                                  u530 0850  
                                u610 07B0                                  u450 06BA  
                                u531 084C                                  u611 07AC  
                                u451 06B6                                  u380 08EA  
                                u428 089C                                  u540 0A64  
                                u620 0A16                                  u460 06D4  
                                u700 047C                                  u381 08E6  
                                u541 0A60                                  u621 0A12  
                                u461 06D0                                  u701 0478  
                                u390 090C                                  u438 08BC  
                                u550 0966                                  u470 06F8  
                                u630 05CA                                  u710 0498  
                                u391 0908                                  u551 0962  
                                u471 06F4                                  u631 05C6  
                                u711 0494                                  u480 0716  
                                u560 04B8                                  u640 05F4  
                                u481 0712                                  u561 04B4  
                                u641 05F0                                  u490 0732  
                                u570 04D4                                  u650 0640  
                                u491 072E                                  u571 04D0  
                                u651 063C                                  u580 04FC  
                                u660 065C                                  _SEN 7E28  
                                u581 04F8                                  u661 0658  
                                u590 0540                                  u670 068E  
                                u727 0A2C                                  u591 053C  
                                u671 068A                                  u681 0392  
                                u690 03B0                                  u691 03AC  
         __end_of_LeftDistanceSensor 0B76                                  wreg 0FE8  
                         _ChangeLane 0AAC                                 l1111 0BAE  
                               l1109 0BA0                                 l1401 0B76  
                               l1403 0B96                                 l1261 0C02  
                               l1087 0978                                 l1271 0C12  
                               l1263 0C04                                 l1601 0260  
                               l1257 0BF4                                 l1281 0C54  
                               l1273 0C4C                                 l1531 08CC  
                               l1339 0C3A                                 l1267 0C08  
                               l1259 0BF6                                 l1291 0BD8  
                               l1283 0C58                                 l1275 0C50  
                               l1541 090C                                 l1533 08DC  
                               l1269 0C0C                                 l1621 0292  
                               l1613 027E                                 l1605 026A  
                               l1701 0B1E                                 l1293 0BDA  
                               l1285 0BC6                                 l1277 0C24  
                               l1543 0910                                 l1535 08EA  
                               l1551 0868                                 l1711 0832  
                               l1703 0B30                                 l1391 0BE6  
                               l1287 0BCA                                 l1279 0C28  
                               l1545 0920                                 l1537 08EE  
                               l1561 0A66                                 l1553 0876  
                               l1713 0850                                 l1705 07F0  
                               l1721 0A3C                                 l1801 09F0  
                               l1641 02C8                                 l1633 02B0  
                               l1625 029C                                 l1617 0288  
                               l1609 0274                                 l1393 0BEC  
                               l1289 0BD0                                 l1297 0C44  
                               l1539 08FE                                 l1563 0A78  
                               l1555 0888                                 l1723 0926  
                               l1707 080A                                 l1715 0A18  
                               l1803 09FC                                 l1571 0202  
                               l1651 06AC                                 l1731 049C  
                               l1811 05CA                                 l1395 0BEE  
                               l1299 0C48                                 l1565 0A7E  
                               l1557 08C2                                 l1549 0862  
                               l1725 0930                                 l1709 0814  
                               l1717 0A22                                 l1805 0A00  
                               l1397 0C2E                                 l1637 02BC  
                               l1629 02A6                                 l1581 0224  
                               l1573 020C                                 l1661 06DC  
                               l1653 06BA                                 l1741 04DE  
                               l1733 049C                                 l1821 0618  
                               l1813 05DC                                 l1389 0BDE  
                               l1567 0A8A                                 l1727 0950  
                               l1719 0A38                                 l1399 0C34  
                               l1647 02D4                                 l1671 0708  
                               l1663 06E0                                 l1655 06C2  
                               l1751 0540                                 l1743 04FC  
                               l1735 04B8                                 l1831 068E  
                               l1823 0624                                 l1815 05F4  
                               l1807 05A8                                 l1569 0A96  
                               l1729 0966                                 l1593 0248  
                               l1585 0230                                 l1577 0218  
                               l1761 076A                                 l1681 073C  
                               l1673 0716                                 l1665 06E6  
                               l1657 06C6                                 l1649 06AA  
                               l1737 04D4                                 l1833 0694  
                               l1825 0640                                 l1817 0604  
                               l1809 05B4                                 l1841 0382  
                               l1771 07B0                                 l1763 0776  
                               l1683 0742                                 l1675 071C  
                               l1667 06F8                                 l1659 06D4  
                               l1827 065C                                 l1819 060C  
                               l1851 03B8                                 l1843 0388  
                               l1835 0364                                 l1781 0AC0  
                               l1597 0254                                 l1589 023C  
                               l1765 078E                                 l1693 0B48  
                               l1677 0732                                 l1669 0700  
                               l1685 0748                                 l1757 0566  
                               l1749 0522                                 l1829 0680  
                               l1861 03E4                                 l1853 03BE  
                               l1845 039E                                 l1837 036C  
                               l1783 0AC2                                 l1791 09CE  
                               l1775 07D4                                 l1695 0B4C  
                               l1687 0758                                 l1679 073A  
                               l1871 0406                                 l1855 03C6  
                               l1839 0378                                 l1785 0ADA  
                               l1793 09E0                                 l1769 079A  
                               l1697 0B5E                                 l1689 0760  
                               l1881 0464                                 l1857 03D6  
                               l1849 03B4                                 l1787 0ADC  
                               l1779 0AAC                                 l1795 09EA  
                               l1699 0B1A                                 l1867 03FC  
                               l1883 046A                                 l1875 0410  
                               l1797 09EC                                 l1789 09CA  
                               l1869 0402                                 l1877 0458  
                               l1885 047C                                 l1799 09EE  
                               l1879 045C                                 l1895 0432  
                               _LATB 0F8A                                 _RCEN 7E2B  
                               _RSEN 7E29                                 _Move 0A66  
                   __end_of_I2C_INIT 0C3A                                 _Turn 07F0  
                               _main 0364                     __end_of_I2C_Read 0BDE  
                               fsr2h 0FDA                                 fsr1l 0FE1  
                               fsr2l 0FD9                     __end_of_I2C_Stop 0C4C  
                               prodh 0FF4                                 prodl 0FF3  
                               start 0FFC                        ?_ReadEncoderL 0001  
                       ___param_bank 0000                          FollowLine@e 0008  
                    __end_of_MoveFor 0978                      __end_of_WaitFor 0A66  
                              ?_Move 0007                                ?_Turn 000F  
                       main@finished 0026                                ?_main 0001  
                              _ACKEN 7E2C                      __end_of___awdiv 076A  
                    ___awdiv@divisor 0003                                _T2CON 0FCA  
                    ___awdiv@counter 0005                                _TRISA 0F92  
                              _TRISB 0F93                                _TRISC 0F94  
                   __end_of_PWM_INIT 0BF4                    __end_of_I2C_Start 0C54  
                  __end_of_I2C_Write 0C2E                                tablat 0FF5  
                              plusw1 0FE3                                plusw2 0FDB  
                              status 0FD8                        MoveFor@Pulses 000F  
                         _FollowLine 076A                       ??_ReadEncoderL 0003  
                    __initialization 0AE4                         __end_of_Move 0AAC  
                       __end_of_Turn 0862                         __end_of_main 049C  
                             ??_Move 000B                               ??_Turn 0011  
                             ??_main 0018                        __activetblptr 0002  
                   __end_of_SlowDown 05A8                      _events_position 0028  
                             _ADCON0 0FC2                               _ADCON1 0FC1  
                             _ADRESH 0FC4                               _ADRESL 0FC3  
                             _CCPR1L 0FBE                               _CCPR2L 0FBB  
                        ?_ChangeLane 0001                     ___awdiv@dividend 0001  
                             _SSPADD 0FC8                               _SSPBUF 0FC9  
                     _MovementSystem 05A8                        ??_MovementPWM 0001  
                          ??_MoveFor 0015                            ??_WaitFor 0003  
                          ??___awdiv 0005       MovementSystem@rightSensorValue 0012  
                    FollowLine@theta 000A                               clear_0 0B0A  
                   ___awdiv@quotient 0007                               isa$std 0001  
      __end_of_LookUpRobotLineOffset 0364                            ?_I2C_INIT 0001  
                       __pdataCOMRAM 0035                            ?_I2C_Read 0001  
                          ?_I2C_Stop 0001                         __mediumconst 0200  
                             tblptrh 0FF7                               tblptrl 0FF6  
                             tblptru 0FF8        LookUpRobotLineOffset@inverted 0003  
             __end_of_MovementSystem 06AA                    Turn@CurrentPulses 0015  
                         __accesstop 0080              __end_of__initialization 0B10  
                      ___rparam_used 0001                          ?_FollowLine 0004  
                  __end_of_FlashLEDs 0A18                       __pcstackCOMRAM 0001  
                __end_of_MovementPWM 09CA                            ?_PWM_INIT 0001  
                         ??_I2C_INIT 0001                           ??_I2C_Read 0002  
                         ??_I2C_Stop 0002                 __end_of_ReadEncoderL 08CC  
                  __end_of_SetUpLEDs 0C44                      ?_MovementSystem 0001  
                 _LeftDistanceSensor 0B48                           __pnvCOMRAM 0041  
                ?_LeftDistanceSensor 0001                         I2C_Read@temp 0002  
                          ?_SlowDown 0009                              _CCP1CON 0FBD  
                            _CCP2CON 0FBA                     FlashLEDs@Flashes 0007  
                         ??_PWM_INIT 0001                 ??_LeftDistanceSensor 0003  
                            _SSPCON1 0FC6                              _SSPCON2 0FC5  
                            _SSPSTAT 0FC7                            _I2C_Start 0C4C  
                          _I2C_Write 0C22                              __Hparam 0000  
                        _MovementPWM 0978                              _MoveFor 0926  
                            __Lparam 0000                              _WaitFor 0A18  
                    _REncoderReading 002C                    __end_of_configPWM 0C08  
                         ??_SlowDown 000F                              ___awdiv 06AA  
                       __psmallconst 0200                           _markspaceL 0033  
                         _markspaceR 0031                              __pcinit 0AE4  
                     _I2C_Initialise 0C08                              __ramtop 0200  
                            __ptext0 0364                              __ptext1 0B76  
                            __ptext2 0C22                              __ptext3 0C44  
                            __ptext4 0C4C                              __ptext5 0C54  
                            __ptext6 0BC6                              __ptext7 0BA0  
                            __ptext8 0BDE                              __ptext9 0BF4  
                  __end_of_goforward 0926                           _linesensor 0030  
                _RightDistanceSensor 0B1A                    ReadEncoderL@pulse 0004  
                       ??_ChangeLane 0017                 end_of_initialization 0B10  
                      __Lmediumconst 0000                 ?_RightDistanceSensor 0001  
                         ?_I2C_Start 0001                           ?_I2C_Write 0001  
                            postdec1 0FE5                              postdec2 0FDD  
                            postinc0 0FEE                              postinc2 0FDE  
             __end_of_I2C_Initialise 0C16                   __end_of_ChangeLane 0AE4  
                          _PORTCbits 0F82                            _TRISBbits 0F93  
                    Turn@TotalPulses 0013                ??_RightDistanceSensor 0003  
                         main@events 001A                         ??_FollowLine 0006  
                       _ReadEncoderL 0862                            _FlashLEDs 09CA  
                    ?_I2C_Initialise 0001                        __pidataCOMRAM 0C16  
                       MoveFor@Speed 0011                _LookUpRobotLineOffset 0202  
                          Move@Speed 0007                  start_initialization 0AE4  
                   ??_MovementSystem 0012                   __end_of_FollowLine 07F0  
                       _CurrentSpeed 0041                          Turn@Eighths 000F  
                          _SetUpLEDs 0C3A                          ??_I2C_Start 0002  
                        ??_I2C_Write 0002              _disable_movement_system 002A  
                         ?_FlashLEDs 0007                    _I2C_RepeatedStart 0C54  
                 ?_I2C_RepeatedStart 0001                       I2C_Write@write 0002  
                        __pbssCOMRAM 0028                  ??_I2C_RepeatedStart 0002  
                     _UpdateLineData 0B76                           ?_SetUpLEDs 0001  
                       ?_MovementPWM 0001                             ?_MoveFor 000F  
                           ?_WaitFor 0001            __end_of_I2C_RepeatedStart 0C5C  
                           ?___awdiv 0001                            _configPWM 0BF4  
             ?_LookUpRobotLineOffset 0001                    _I2C_checkbus_free 0BA0  
                           _I2C_INIT 0C2E                          __smallconst 0200  
                           _I2C_Read 0BC6                             _I2C_Stop 0C44  
                 ?_I2C_checkbus_free 0001               __end_of_UpdateLineData 0BA0  
                          _goforward 08CC                 MoveFor@CurrentPulses 0015  
  LeftDistanceSensor@leftSensorValue 0005                  ??_I2C_checkbus_free 0001  
                           _LATAbits 0F89                             _LATBbits 0F8A  
            SlowDown@leftSensorValue 0009                            main@F2349 0035  
                        ??_FlashLEDs 0009                           ?_configPWM 0001  
          __end_of_I2C_checkbus_free 0BC6                             _PWM_INIT 0BDE  
                         _ADCON0bits 0FC2                        _SlowDown$1353 0010  
                  MoveFor@Difference 0013                      ?_UpdateLineData 0001  
                         ?_goforward 0003                      _LEncoderReading 002E  
                          copy_data0 0AF8                          ??_SetUpLEDs 0001  
                           WaitFor@i 0005                     ??_I2C_Initialise 0001  
                           __Hrparam 0000                             __Lrparam 0000  
RightDistanceSensor@rightSensorValue 0005                             _SlowDown 049C  
                      SlowDown@Speed 000D                   WaitFor@TimeSeconds 0001  
                     Move@Difference 0009                             __ptext10 05A8  
                           __ptext11 049C                             __ptext20 0C3A  
                           __ptext12 06AA                             __ptext21 0AAC  
                           __ptext13 0B1A                             __ptext22 0A18  
                           __ptext14 0B48                             __ptext23 07F0  
                           __ptext15 076A                             __ptext24 0926  
                           __ptext16 0202                             __ptext25 0862  
                           __ptext17 0C2E                             __ptext26 0A66  
                           __ptext18 0C08                             __ptext27 08CC  
                           __ptext19 09CA                             __ptext28 0978  
        __end_of_RightDistanceSensor 0B48             SlowDown@rightSensorValue 000B  
                goforward@RightSpeed 0003                             isa$xinst 0000  
                        ??_configPWM 0001                   goforward@LeftSpeed 0005  
                        ??_goforward 0007             MovementSystem@Difference 0016  
      MovementSystem@leftSensorValue 0014              ??_LookUpRobotLineOffset 0003  
                         FlashLEDs@i 0009                        Move@LeftSpeed 000B  
                     Move@RightSpeed 000D  
